Movie Name,Runtime(in minutes),Genre,Rating,Release Year,Actors,Director,Poster
The Dove,90,Adventure Drama Romance ,6.7,1927,"Norma Talmadge" "Noah Beery" "Gilbert Roland" "Eddie Borden" ,Roland West,https://m.media-amazon.com/images/M/MV5BYzVlYjZiYjgtYTFkMS00YThmLTk5YmMtYjc5YTFjZjM3YzAwXkEyXkFqcGdeQXVyNjcwNzI5MTM@._V1_UX67_CR0,0,67,98_AL_.jpg
7th Heaven,110,Drama Romance ,7.6,1927,"Norma Talmadge" "Noah Beery" "Gilbert Roland" "Eddie Borden" ,Roland West,https://m.media-amazon.com/images/M/MV5BMTk2MjUzMzk3OV5BMl5BanBnXkFtZTcwOTk1MjQxMw@@._V1_UX67_CR0,0,67,98_AL_.jpg
Sunrise,94,Drama Romance ,8.1,1927,"Norma Talmadge" "Noah Beery" "Gilbert Roland" "Eddie Borden" ,Roland West,https://m.media-amazon.com/images/M/MV5BNDVkYmYwM2ItNzRiMy00NWQ4LTlhMjMtNDI1ZDYyOGVmMzJjXkEyXkFqcGdeQXVyNTgzMzU5MDI@._V1_UX67_CR0,0,67,98_AL_.jpg
Two Arabian Knights,92,Adventure Comedy Romance ,6.8,1927,"Norma Talmadge" "Noah Beery" "Gilbert Roland" "Eddie Borden" ,Roland West,https://m.media-amazon.com/images/M/MV5BNTJiNGE2M2MtODUyOS00OTI0LTgzODEtYjc0M2UwZTNjNWQzL2ltYWdlL2ltYWdlXkEyXkFqcGdeQXVyMjUxODE0MDY@._V1_UX67_CR0,0,67,98_AL_.jpg
Underworld,80,Crime Drama Film-Noir ,7.6,1927,"Norma Talmadge" "Noah Beery" "Gilbert Roland" "Eddie Borden" ,Roland West,https://m.media-amazon.com/images/M/MV5BNTJmZmI3OWMtZGQyZS00ZmZiLTgyNDgtMDdkNzYxZWJlMzEwXkEyXkFqcGdeQXVyNjMwMjk0MTQ@._V1_UX67_CR0,0,67,98_AL_.jpg
Wings,144,Drama Romance War ,7.6,1927,"Norma Talmadge" "Noah Beery" "Gilbert Roland" "Eddie Borden" ,Roland West,https://m.media-amazon.com/images/M/MV5BZjBmOTE5MTEtZDcwZC00MzRkLTgzMjYtZjU4YWE5YzM5ZDM5XkEyXkFqcGdeQXVyMzg1ODEwNQ@@._V1_UX67_CR0,0,67,98_AL_.jpg
The Way of All Flesh,94,Drama ,6.8,1927,"Norma Talmadge" "Noah Beery" "Gilbert Roland" "Eddie Borden" ,Roland West,https://m.media-amazon.com/images/M/MV5BMTU5OTIzNTEyNl5BMl5BanBnXkFtZTgwNzgxOTYyMjE@._V1_UX67_CR0,0,67,98_AL_.jpg
The Last Command,88,Drama History Romance ,8.0,1928,"Norma Talmadge" "Noah Beery" "Gilbert Roland" "Eddie Borden" ,Roland West,https://m.media-amazon.com/images/M/MV5BNGVhZmVkNmEtMjUyMC00YTFhLWIzMmEtNmQxMmE1NTBhMjQyXkEyXkFqcGdeQXVyMjgyNjk3MzE@._V1_UX67_CR0,0,67,98_AL_.jpg
The Patriot,113,Drama History Thriller ,None,1928,"Norma Talmadge" "Noah Beery" "Gilbert Roland" "Eddie Borden" ,Roland West,https://m.media-amazon.com/images/M/MV5BYjgwNDU1MWMtOTg0NC00NTIwLTg5NGYtYThmYWRjYzFjYTk1XkEyXkFqcGdeQXVyMjUxODE0MDY@._V1_UX67_CR0,0,67,98_AL_.jpg
Street Angel,102,Drama ,7.3,1928,"Norma Talmadge" "Noah Beery" "Gilbert Roland" "Eddie Borden" ,Roland West,https://m.media-amazon.com/images/M/MV5BMTk0NTU1NzM0Ml5BMl5BanBnXkFtZTgwNDEyOTYyMjE@._V1_UX67_CR0,0,67,98_AL_.jpg
Tempest,102,Drama Romance ,6.8,1928,"Norma Talmadge" "Noah Beery" "Gilbert Roland" "Eddie Borden" ,Roland West,https://m.media-amazon.com/images/M/MV5BOGEwMTg2NjQtZDE0Yy00ZjEwLTg1NzAtNGVlYzk5NWM4NDhiXkEyXkFqcGdeQXVyMzg1ODEwNQ@@._V1_UY98_CR2,0,67,98_AL_.jpg
White Shadows in the South Seas,88,Drama Romance ,6.9,1928,"Norma Talmadge" "Noah Beery" "Gilbert Roland" "Eddie Borden" ,Roland West,https://m.media-amazon.com/images/M/MV5BZWUzOWM3ODgtYjBlNS00YjRmLWI4OWUtMDY3ZWU3ODEwMDA1XkEyXkFqcGdeQXVyMzg1ODEwNQ@@._V1_UX67_CR0,0,67,98_AL_.jpg
The Divine Lady,99,Drama History Romance ,6.2,1928,"Norma Talmadge" "Noah Beery" "Gilbert Roland" "Eddie Borden" ,Roland West,https://m.media-amazon.com/images/M/MV5BMTc3MDIxODQ3MF5BMl5BanBnXkFtZTgwMTkwMDY0MjE@._V1_UX67_CR0,0,67,98_AL_.jpg
In Old Arizona,95,Western ,5.6,1928,"Norma Talmadge" "Noah Beery" "Gilbert Roland" "Eddie Borden" ,Roland West,https://m.media-amazon.com/images/M/MV5BMjE0ODAxNzQ0M15BMl5BanBnXkFtZTgwNTk4ODQwMjE@._V1_UX67_CR0,0,67,98_AL_.jpg
The Bridge of San Luis Rey,86,Drama ,7.3,1929,"Norma Talmadge" "Noah Beery" "Gilbert Roland" "Eddie Borden" ,Roland West,https://m.media-amazon.com/images/M/MV5BMjI3MTM0MzE2MV5BMl5BanBnXkFtZTgwMjU3NTMzMjE@._V1_UY98_CR1,0,67,98_AL_.jpg
The Broadway Melody,100,Drama Musical Romance ,5.6,1929,"Norma Talmadge" "Noah Beery" "Gilbert Roland" "Eddie Borden" ,Roland West,https://m.media-amazon.com/images/M/MV5BZmJlOWM4NDEtYmZmYS00MTIyLTgwYWMtMjFhYmNhZWU4ZmVmXkEyXkFqcGdeQXVyMDI2NDg0NQ@@._V1_UX67_CR0,0,67,98_AL_.jpg
Coquette,76,Drama Romance ,5.6,1929,"Norma Talmadge" "Noah Beery" "Gilbert Roland" "Eddie Borden" ,Roland West,https://m.media-amazon.com/images/M/MV5BODY0OGEwMWYtNDQ4NC00Y2M2LWJkN2ItYjI0ZjI1MjJiMmJhXkEyXkFqcGdeQXVyMDI2NDg0NQ@@._V1_UY98_CR0,0,67,98_AL_.jpg
Disraeli,90,Biography Drama History ,6.1,1929,"Norma Talmadge" "Noah Beery" "Gilbert Roland" "Eddie Borden" ,Roland West,https://m.media-amazon.com/images/M/MV5BMWI3MTAwMDEtNjJiNC00NTVkLTkzNTUtZTBkNGViMzc5NmIxXkEyXkFqcGdeQXVyMzg1ODEwNQ@@._V1_UX67_CR0,0,67,98_AL_.jpg
All Quiet on the Western Front,152,Drama War ,8.1,1930,"Norma Talmadge" "Noah Beery" "Gilbert Roland" "Eddie Borden" ,Roland West,https://m.media-amazon.com/images/M/MV5BMDdlMzRjM2MtNjcxNy00MjgyLTkyZmYtY2ExODM0OTBkMzI0XkEyXkFqcGdeQXVyMzg1ODEwNQ@@._V1_UX67_CR0,0,67,98_AL_.jpg
The Big House,87,Crime Drama Thriller ,7.1,1930,"Norma Talmadge" "Noah Beery" "Gilbert Roland" "Eddie Borden" ,Roland West,https://m.media-amazon.com/images/M/MV5BZDdjNjdkMDUtNTRiNy00ZDZjLTk4NDctODYxYWM2NDU5ZTMxXkEyXkFqcGdeQXVyMzg1ODEwNQ@@._V1_UX67_CR0,0,67,98_AL_.jpg
The Dawn Patrol,108,Action Drama War ,7.2,1930,"Norma Talmadge" "Noah Beery" "Gilbert Roland" "Eddie Borden" ,Roland West,https://m.media-amazon.com/images/M/MV5BMDUzZWYxMTMtOWUwNi00N2MzLWEyZDAtYzc2Nzc5MWIzMTJkXkEyXkFqcGdeQXVyMjUxODE0MDY@._V1_UX67_CR0,0,67,98_AL_.jpg
The Divorcee,84,Romance Drama ,6.7,1930,"Norma Talmadge" "Noah Beery" "Gilbert Roland" "Eddie Borden" ,Roland West,https://m.media-amazon.com/images/M/MV5BOTczNTI2ZWEtNjkwOS00YmZmLWFkY2QtZDEzNGFkZTQyNzM2XkEyXkFqcGdeQXVyMzg1ODEwNQ@@._V1_UX67_CR0,0,67,98_AL_.jpg
King of Jazz,99,Animation Comedy Musical ,6.7,1930,"Norma Talmadge" "Noah Beery" "Gilbert Roland" "Eddie Borden" ,Roland West,https://m.media-amazon.com/images/M/MV5BMTAxODk3NzI3ODdeQTJeQWpwZ15BbWU4MDQwMDEwMjIx._V1_UX67_CR0,0,67,98_AL_.jpg
Min and Bill,69,Comedy Drama ,6.8,1930,"Norma Talmadge" "Noah Beery" "Gilbert Roland" "Eddie Borden" ,Roland West,https://m.media-amazon.com/images/M/MV5BOTdjZjI5ZmEtZTI0Mi00MjJkLWE0ZDQtNjEzYTFkMjYzMGY3XkEyXkFqcGdeQXVyNjE5MjUyOTM@._V1_UX67_CR0,0,67,98_AL_.jpg
Bad Girl,90,Drama Romance ,6.5,1931,"Norma Talmadge" "Noah Beery" "Gilbert Roland" "Eddie Borden" ,Roland West,https://m.media-amazon.com/images/M/MV5BMjI2NDAwNDAyM15BMl5BanBnXkFtZTcwNjM1MjQxMw@@._V1_UX67_CR0,0,67,98_AL_.jpg
The Champ I,86,Drama Family Sport ,7.3,1931,"Norma Talmadge" "Noah Beery" "Gilbert Roland" "Eddie Borden" ,Roland West,https://m.media-amazon.com/images/M/MV5BNTU4M2JiNTUtNmIzOS00ZWE3LTljZmItZjc1NDA2MDQyZThjXkEyXkFqcGdeQXVyMzg1ODEwNQ@@._V1_UY98_CR0,0,67,98_AL_.jpg
Cimarron,123,Drama Western ,5.9,1931,"Norma Talmadge" "Noah Beery" "Gilbert Roland" "Eddie Borden" ,Roland West,https://m.media-amazon.com/images/M/MV5BYWQwZGM0MTktNDM1NC00MTZlLTllNzctYTllZWI2MzdiNmMyXkEyXkFqcGdeQXVyNjUwMzI2NzU@._V1_UY98_CR0,0,67,98_AL_.jpg
A Free Soul,93,Crime Drama Romance ,6.6,1931,"Norma Talmadge" "Noah Beery" "Gilbert Roland" "Eddie Borden" ,Roland West,https://m.media-amazon.com/images/M/MV5BMWY4YjFkNzItMTEyZS00OTIwLWJiYmQtY2JlMTcxZGM4N2Q1XkEyXkFqcGdeQXVyNjc0MzMzNjA@._V1_UX67_CR0,0,67,98_AL_.jpg
The Sin of Madelon Claudet,75,Drama ,6.6,1931,"Norma Talmadge" "Noah Beery" "Gilbert Roland" "Eddie Borden" ,Roland West,https://m.media-amazon.com/images/M/MV5BNzgxYmRkMDEtMGU4OS00ZTY5LTg1NWUtMTI5NWMxMDNlZDgxXkEyXkFqcGdeQXVyNzA4ODc3ODU@._V1_UY98_CR3,0,67,98_AL_.jpg
Skippy,85,Comedy Drama Family ,6.3,1931,"Norma Talmadge" "Noah Beery" "Gilbert Roland" "Eddie Borden" ,Roland West,https://m.media-amazon.com/images/M/MV5BMTg0Mzc1OTg4NF5BMl5BanBnXkFtZTcwMDM1MjQxMw@@._V1_UY98_CR1,0,67,98_AL_.jpg
Tabu: A Story of the South Seas,86,Adventure Drama Romance ,7.4,1931,"Norma Talmadge" "Noah Beery" "Gilbert Roland" "Eddie Borden" ,Roland West,https://m.media-amazon.com/images/M/MV5BNDhmNzg0M2UtZGNkNC00YTQ3LWE0ZjAtMmFjNTI2MmFkZmNiXkEyXkFqcGdeQXVyMTczMjA2Nzk@._V1_UY98_CR0,0,67,98_AL_.jpg
Transatlantic,78,Comedy Drama ,6.5,1931,"Norma Talmadge" "Noah Beery" "Gilbert Roland" "Eddie Borden" ,Roland West,https://m.media-amazon.com/images/M/MV5BYWMxY2RmMWYtOWI0YS00ODVhLTgxM2ItZDBmNDczODZjYjY5XkEyXkFqcGdeQXVyMjUxODE0MDY@._V1_UY98_CR1,0,67,98_AL_.jpg
Dr. Jekyll and Mr. Hyde,98,Horror Sci-Fi ,7.6,1931,"Norma Talmadge" "Noah Beery" "Gilbert Roland" "Eddie Borden" ,Roland West,https://m.media-amazon.com/images/M/MV5BMTc1MjE3NTMxNV5BMl5BanBnXkFtZTgwMTQ0NzkxMjE@._V1_UY98_CR4,0,67,98_AL_.jpg
A Farewell to Arms,80,Drama Romance War ,6.4,1932,"Norma Talmadge" "Noah Beery" "Gilbert Roland" "Eddie Borden" ,Roland West,https://m.media-amazon.com/images/M/MV5BMzM2ODc0NTY3OF5BMl5BanBnXkFtZTgwMjQwNzkzMjE@._V1_UX67_CR0,0,67,98_AL_.jpg
Grand Hotel I,112,Drama Romance ,7.3,1932,"Norma Talmadge" "Noah Beery" "Gilbert Roland" "Eddie Borden" ,Roland West,https://m.media-amazon.com/images/M/MV5BMTQxNDc4MDcwNF5BMl5BanBnXkFtZTgwNzY0MjUzMjE@._V1_UX67_CR0,0,67,98_AL_.jpg
One Way Passage,67,Comedy Drama Romance ,7.5,1932,"Norma Talmadge" "Noah Beery" "Gilbert Roland" "Eddie Borden" ,Roland West,https://m.media-amazon.com/images/M/MV5BYWI1OWFmNWItMzQ3My00ODQzLTliMTMtN2YyOTY0NWRmZDU2XkEyXkFqcGdeQXVyNTcwNjUwNzk@._V1_UX67_CR0,0,67,98_AL_.jpg
Shanghai Express,82,Adventure Drama Film-Noir ,7.3,1932,"Norma Talmadge" "Noah Beery" "Gilbert Roland" "Eddie Borden" ,Roland West,https://m.media-amazon.com/images/M/MV5BMDc3ODRlZDktY2M2MC00Y2UxLWI1MWMtODkyYjI1NzQyNjIwXkEyXkFqcGdeQXVyMDI2NDg0NQ@@._V1_UX67_CR0,0,67,98_AL_.jpg
Cavalcade,112,Drama Romance War ,5.9,1933,"Norma Talmadge" "Noah Beery" "Gilbert Roland" "Eddie Borden" ,Roland West,https://m.media-amazon.com/images/M/MV5BNzY0MTUwZTctMGIwOS00MjhjLTgzNGItN2M5YzZkMjFiZmNhXkEyXkFqcGdeQXVyMzg1ODEwNQ@@._V1_UX67_CR0,0,67,98_AL_.jpg
Eskimo,117,Drama ,6.9,1933,"Norma Talmadge" "Noah Beery" "Gilbert Roland" "Eddie Borden" ,Roland West,https://m.media-amazon.com/images/M/MV5BYzcyY2UyOTMtZGY1Ni00NjI3LThhNTAtNjBkZmJmOGNlZDc1XkEyXkFqcGdeQXVyODQ2NzAzMjY@._V1_UX67_CR0,0,67,98_AL_.jpg
Little Women,115,Drama Family Romance ,7.2,1933,"Norma Talmadge" "Noah Beery" "Gilbert Roland" "Eddie Borden" ,Roland West,https://m.media-amazon.com/images/M/MV5BZGVmNzc3ODYtYjJlYy00YmQ4LWE3NWQtZTlhYWRjYjI1MTg1XkEyXkFqcGdeQXVyMDI2NDg0NQ@@._V1_UX67_CR0,0,67,98_AL_.jpg
Morning Glory,74,Drama Romance ,6.4,1933,"Norma Talmadge" "Noah Beery" "Gilbert Roland" "Eddie Borden" ,Roland West,https://m.media-amazon.com/images/M/MV5BMTMxMzEzNzQ1MF5BMl5BanBnXkFtZTcwNTk4NTQxMw@@._V1_UY98_CR3,0,67,98_AL_.jpg
The Private Life of Henry VIII,97,Drama ,7.0,1933,"Norma Talmadge" "Noah Beery" "Gilbert Roland" "Eddie Borden" ,Roland West,https://m.media-amazon.com/images/M/MV5BZDFiZjBmNzItZmRkMi00ZmNmLTg0OTctOGFkZWI2NzRjN2M5XkEyXkFqcGdeQXVyNTI4MjkwNjA@._V1_UX67_CR0,0,67,98_AL_.jpg
Cleopatra,100,Biography Drama History ,6.8,1934,"Norma Talmadge" "Noah Beery" "Gilbert Roland" "Eddie Borden" ,Roland West,https://m.media-amazon.com/images/M/MV5BMjgzMTgwNTI1M15BMl5BanBnXkFtZTgwMTgxNjk3MjE@._V1_UX67_CR0,0,67,98_AL_.jpg
The Gay Divorcee,107,Comedy Musical Romance ,7.4,1934,"Norma Talmadge" "Noah Beery" "Gilbert Roland" "Eddie Borden" ,Roland West,https://m.media-amazon.com/images/M/MV5BYjNhYTQ5MmEtNjAyNS00MDYwLThkMmQtNzAxY2JhNjM3NGI2XkEyXkFqcGdeQXVyMTY5Nzc4MDY@._V1_UY98_CR1,0,67,98_AL_.jpg
It Happened One Night,105,Comedy Romance ,8.1,1934,"Norma Talmadge" "Noah Beery" "Gilbert Roland" "Eddie Borden" ,Roland West,https://m.media-amazon.com/images/M/MV5BYzJmMWE5NjAtNWMyZS00NmFiLWIwMDgtZDE2NzczYWFhNzIzXkEyXkFqcGdeQXVyNjc1NTYyMjg@._V1_UX67_CR0,0,67,98_AL_.jpg
Manhattan Melodrama,93,Crime Drama Romance ,7.1,1934,"Norma Talmadge" "Noah Beery" "Gilbert Roland" "Eddie Borden" ,Roland West,https://m.media-amazon.com/images/M/MV5BNGRhZWVkZGUtY2FjMi00NjhlLThhNGYtYTY4ZThhMzdkMjg3XkEyXkFqcGdeQXVyNjc0MzMzNjA@._V1_UX67_CR0,0,67,98_AL_.jpg
The Merry Widow,99,Comedy Musical Romance ,7.2,1934,"Norma Talmadge" "Noah Beery" "Gilbert Roland" "Eddie Borden" ,Roland West,https://m.media-amazon.com/images/M/MV5BYjVjMmZkZTAtYzAwMC00MDUxLWFiODYtMzJjNjhjNzVjNTJmL2ltYWdlL2ltYWdlXkEyXkFqcGdeQXVyMDI2NDg0NQ@@._V1_UX67_CR0,0,67,98_AL_.jpg
One Night of Love,84,Music Romance ,5.7,1934,"Norma Talmadge" "Noah Beery" "Gilbert Roland" "Eddie Borden" ,Roland West,https://m.media-amazon.com/images/M/MV5BNzk5NDg0NTY4NF5BMl5BanBnXkFtZTgwODQxODgwMzE@._V1_UX67_CR0,0,67,98_AL_.jpg
Viva Villa!,115,Western ,6.4,1934,"Norma Talmadge" "Noah Beery" "Gilbert Roland" "Eddie Borden" ,Roland West,https://m.media-amazon.com/images/M/MV5BZjMwZWMxZDctNTlkNC00YTE4LWIzZGEtYWZkNzFhZWU3ZDBjXkEyXkFqcGdeQXVyNjc1NTYyMjg@._V1_UX67_CR0,0,67,98_AL_.jpg
Broadway Melody of 1936,101,Musical Romance ,6.8,1935,"Norma Talmadge" "Noah Beery" "Gilbert Roland" "Eddie Borden" ,Roland West,https://m.media-amazon.com/images/M/MV5BZWJlZmFhMjQtMDJkNy00ZGFkLTg2Y2ItMTIxNTI0YWZjNWVmXkEyXkFqcGdeQXVyNjc0MzMzNjA@._V1_UX67_CR0,0,67,98_AL_.jpg
Dangerous,79,Drama Romance ,6.8,1935,"Norma Talmadge" "Noah Beery" "Gilbert Roland" "Eddie Borden" ,Roland West,https://m.media-amazon.com/images/M/MV5BZDFlY2VkNTMtMDcwOC00YjlkLWE2ZGMtMGVlZGUxNTcwNGVjXkEyXkFqcGdeQXVyMjUxODE0MDY@._V1_UX67_CR0,0,67,98_AL_.jpg
The Dark Angel,106,Drama Romance ,6.6,1935,"Norma Talmadge" "Noah Beery" "Gilbert Roland" "Eddie Borden" ,Roland West,https://m.media-amazon.com/images/M/MV5BN2U1NjkyZjktNzU5MS00NGIyLTkxMGQtOTk3OTczM2YxOGY2XkEyXkFqcGdeQXVyNjc0MzMzNjA@._V1_UX67_CR0,0,67,98_AL_.jpg
Folies Berg√®re de Paris,82,Comedy Musical ,6.6,1935,"Norma Talmadge" "Noah Beery" "Gilbert Roland" "Eddie Borden" ,Roland West,https://m.media-amazon.com/images/M/MV5BZGIzOTk4YjctZjk4Ni00M2E3LWJjM2QtMzc4OTMyZTg0MTk3XkEyXkFqcGdeQXVyODI1OTk4MTQ@._V1_UX67_CR0,0,67,98_AL_.jpg
Gold Diggers of 1935,95,Comedy Musical ,6.9,1935,"Norma Talmadge" "Noah Beery" "Gilbert Roland" "Eddie Borden" ,Roland West,https://m.media-amazon.com/images/M/MV5BM2IyNWVjOTItOGIzNi00ZDQ4LWEwYWMtN2Q3NWM3ZjlhNjllXkEyXkFqcGdeQXVyMzg1ODEwNQ@@._V1_UX67_CR0,0,67,98_AL_.jpg
The Informer,91,Crime Drama ,7.4,1935,"Norma Talmadge" "Noah Beery" "Gilbert Roland" "Eddie Borden" ,Roland West,https://m.media-amazon.com/images/M/MV5BMDM1YjliYzYtOTkzMS00M2NkLThhNjctM2RlM2MxODE4YjJjXkEyXkFqcGdeQXVyNjc1NTYyMjg@._V1_UX67_CR0,0,67,98_AL_.jpg
The Lives of a Bengal Lancer,109,Adventure Drama War ,7.0,1935,"Norma Talmadge" "Noah Beery" "Gilbert Roland" "Eddie Borden" ,Roland West,https://m.media-amazon.com/images/M/MV5BOTMwOTMwY2QtMGVmYS00NjYxLWI5MjQtOTczNTVmOWVlNzczXkEyXkFqcGdeQXVyMDI2NDg0NQ@@._V1_UX67_CR0,0,67,98_AL_.jpg
A Midsummer Night's Dream,133,Comedy Fantasy Romance ,6.8,1935,"Norma Talmadge" "Noah Beery" "Gilbert Roland" "Eddie Borden" ,Roland West,https://m.media-amazon.com/images/M/MV5BNmM4NTI0ZTktMTY5ZC00ZDgyLWJjNjUtN2JhYjhkNDlmMDE2XkEyXkFqcGdeQXVyNTc2NzQ3Njk@._V1_UX67_CR0,0,67,98_AL_.jpg
Mutiny on the Bounty,132,Adventure Biography Drama ,7.7,1935,"Norma Talmadge" "Noah Beery" "Gilbert Roland" "Eddie Borden" ,Roland West,https://m.media-amazon.com/images/M/MV5BMDk0ODEzOTYtNjVkZi00NTNkLTkxNTgtYTM0NTk4ODc5ZTFkXkEyXkFqcGdeQXVyMzg1ODEwNQ@@._V1_UX67_CR0,0,67,98_AL_.jpg
Naughty Marietta,105,Drama Musical Romance ,6.6,1935,"Norma Talmadge" "Noah Beery" "Gilbert Roland" "Eddie Borden" ,Roland West,https://m.media-amazon.com/images/M/MV5BMzAwYTE3MjAtNjI3MS00MTM2LThkZDEtMDAxOWU5YWU5N2QyL2ltYWdlXkEyXkFqcGdeQXVyMDI2NDg0NQ@@._V1_UX67_CR0,0,67,98_AL_.jpg
The Scoundrel,76,Drama Fantasy ,6.3,1935,"Norma Talmadge" "Noah Beery" "Gilbert Roland" "Eddie Borden" ,Roland West,https://m.media-amazon.com/images/M/MV5BOGE4ZTVkYWUtM2EyMS00MmNjLWIwNTItZjM2MTFkOTE0N2NiXkEyXkFqcGdeQXVyMDMxMjQwMw@@._V1_UY98_CR2,0,67,98_AL_.jpg
Anthony Adverse,141,Adventure Drama Romance ,6.3,1936,"Norma Talmadge" "Noah Beery" "Gilbert Roland" "Eddie Borden" ,Roland West,https://m.media-amazon.com/images/M/MV5BZmRlMjU4MWUtMjUyMy00OWU2LTkzY2YtODdkZDk5ZWNiZDFjXkEyXkFqcGdeQXVyMDI2NDg0NQ@@._V1_UX67_CR0,0,67,98_AL_.jpg
The Charge of the Light Brigade,115,Action Adventure Romance ,7.0,1936,"Norma Talmadge" "Noah Beery" "Gilbert Roland" "Eddie Borden" ,Roland West,https://m.media-amazon.com/images/M/MV5BNmUzYjNjZDQtMjNmZS00OGZmLTg2NzgtMjkyYTZkMmFlYTczXkEyXkFqcGdeQXVyNjc0MzMzNjA@._V1_UX67_CR0,0,67,98_AL_.jpg
Come and Get It,99,Drama Romance ,6.9,1936,"Norma Talmadge" "Noah Beery" "Gilbert Roland" "Eddie Borden" ,Roland West,https://m.media-amazon.com/images/M/MV5BM2IwMTYxMDUtMjQyMi00ZmNkLTlhOGYtYWFlYTZjNDQzYTg1XkEyXkFqcGdeQXVyNjc0MzMzNjA@._V1_UX67_CR0,0,67,98_AL_.jpg
Dodsworth,101,Drama Romance ,7.8,1936,"Norma Talmadge" "Noah Beery" "Gilbert Roland" "Eddie Borden" ,Roland West,https://m.media-amazon.com/images/M/MV5BNTIzOWU0NWUtN2Y2ZC00N2U2LTliMzQtZWNjNmZkNTc4YTU3L2ltYWdlL2ltYWdlXkEyXkFqcGdeQXVyNjc1NTYyMjg@._V1_UX67_CR0,0,67,98_AL_.jpg
The Great Ziegfeld,176,Drama Musical ,6.7,1936,"Norma Talmadge" "Noah Beery" "Gilbert Roland" "Eddie Borden" ,Roland West,https://m.media-amazon.com/images/M/MV5BOTEzMTZjNjQtMDdiOC00YzU3LTgwODItYjEyYjRiNWFiNmZkXkEyXkFqcGdeQXVyMDI2NDg0NQ@@._V1_UX67_CR0,0,67,98_AL_.jpg
Mr. Deeds Goes to Town,115,Comedy Drama Romance ,7.8,1936,"Norma Talmadge" "Noah Beery" "Gilbert Roland" "Eddie Borden" ,Roland West,https://m.media-amazon.com/images/M/MV5BNzdiMDVkNmMtNDI0Ny00MTQ5LWEwNjAtODQxOGNjOTZmMGVmL2ltYWdlXkEyXkFqcGdeQXVyMDI2NDg0NQ@@._V1_UX67_CR0,0,67,98_AL_.jpg
San Francisco,115,Drama Music Romance ,7.2,1936,"Norma Talmadge" "Noah Beery" "Gilbert Roland" "Eddie Borden" ,Roland West,https://m.media-amazon.com/images/M/MV5BMjM4MjA5MDU0Nl5BMl5BanBnXkFtZTgwOTIyNTczMjE@._V1_UX67_CR0,0,67,98_AL_.jpg
The Story of Louis Pasteur,86,Biography Drama History ,7.3,1936,"Norma Talmadge" "Noah Beery" "Gilbert Roland" "Eddie Borden" ,Roland West,https://m.media-amazon.com/images/M/MV5BNzE5YjRjOTItZGFkYS00NzE5LTkzZGUtZmRhMzY5M2I2MTU3XkEyXkFqcGdeQXVyNjE5MjUyOTM@._V1_UX67_CR0,0,67,98_AL_.jpg
Swing Time,103,Comedy Musical Romance ,7.5,1936,"Norma Talmadge" "Noah Beery" "Gilbert Roland" "Eddie Borden" ,Roland West,https://m.media-amazon.com/images/M/MV5BZWEwNjhlMzYtOGU3Ni00OTg3LWFjOWUtOTg0MDk3M2U0ODk1XkEyXkFqcGdeQXVyMTY5Nzc4MDY@._V1_UX67_CR0,0,67,98_AL_.jpg
The Awful Truth,90,Comedy Romance ,7.7,1937,"Norma Talmadge" "Noah Beery" "Gilbert Roland" "Eddie Borden" ,Roland West,https://m.media-amazon.com/images/M/MV5BNzMwMTU0MTk2Nl5BMl5BanBnXkFtZTgwMTUyMjkzMjE@._V1_UX67_CR0,0,67,98_AL_.jpg
Captains Courageous,117,Adventure Drama Family ,8.0,1937,"Norma Talmadge" "Noah Beery" "Gilbert Roland" "Eddie Borden" ,Roland West,https://m.media-amazon.com/images/M/MV5BODI5NjhiNjktYzhkNi00ODFkLTg0NTgtZDQ2M2E5ZTY2ZGM0XkEyXkFqcGdeQXVyMDI2NDg0NQ@@._V1_UX67_CR0,0,67,98_AL_.jpg
A Damsel in Distress,101,Comedy Music Romance ,6.8,1937,"Norma Talmadge" "Noah Beery" "Gilbert Roland" "Eddie Borden" ,Roland West,https://m.media-amazon.com/images/M/MV5BNjBhYzY1ZWMtZDBjNy00NWI2LTgwNzYtZGEyOWQ5ZWViOGJmXkEyXkFqcGdeQXVyNjE5MjUyOTM@._V1_UX67_CR0,0,67,98_AL_.jpg
The Good Earth,138,Drama Romance ,7.5,1937,"Norma Talmadge" "Noah Beery" "Gilbert Roland" "Eddie Borden" ,Roland West,https://m.media-amazon.com/images/M/MV5BNTM4NTczZWEtMTRhNi00YmRmLWE5ZDMtNjE2NGM0NDAwMjc2XkEyXkFqcGdeQXVyNjE5MjUyOTM@._V1_UX67_CR0,0,67,98_AL_.jpg
The Hurricane,104,Action Adventure Drama ,7.2,1937,"Norma Talmadge" "Noah Beery" "Gilbert Roland" "Eddie Borden" ,Roland West,https://m.media-amazon.com/images/M/MV5BYTIyMGQyNjAtYjg3YS00YjNkLWI5OTAtOTcyMjVhYjkxZjMxXkEyXkFqcGdeQXVyMzg1ODEwNQ@@._V1_UX67_CR0,0,67,98_AL_.jpg
The Life of Emile Zola,116,Biography Drama ,7.2,1937,"Norma Talmadge" "Noah Beery" "Gilbert Roland" "Eddie Borden" ,Roland West,https://m.media-amazon.com/images/M/MV5BNDI2ODAyNDQzMV5BMl5BanBnXkFtZTgwNzE2MzI2MzE@._V1_UX67_CR0,0,67,98_AL_.jpg
Lost Horizon,132,Adventure Drama Fantasy ,7.6,1937,"Norma Talmadge" "Noah Beery" "Gilbert Roland" "Eddie Borden" ,Roland West,https://m.media-amazon.com/images/M/MV5BNDIwODc3MDAtZWY5Ny00MTNkLTk2ZTMtYTE4NDY4NDk3MTVmXkEyXkFqcGdeQXVyMDI2NDg0NQ@@._V1_UX67_CR0,0,67,98_AL_.jpg
One Hundred Men and a Girl,84,Comedy Drama Music ,6.7,1937,"Norma Talmadge" "Noah Beery" "Gilbert Roland" "Eddie Borden" ,Roland West,https://m.media-amazon.com/images/M/MV5BN2JlYzViNTQtZThhYy00YTQ1LWE4YjMtODY1MTVlNzMxOGJkXkEyXkFqcGdeQXVyNTk1MTk0MDI@._V1_UX67_CR0,0,67,98_AL_.jpg
A Star Is Born,111,Drama Romance ,7.3,1937,"Norma Talmadge" "Noah Beery" "Gilbert Roland" "Eddie Borden" ,Roland West,https://m.media-amazon.com/images/M/MV5BMmE5ODI0NzMtYjc5Yy00MzMzLTk5OTQtN2Q3MzgwOTllMTY3XkEyXkFqcGdeQXVyNjc0MzMzNjA@._V1_UX67_CR0,0,67,98_AL_.jpg
Waikiki Wedding,89,Comedy Musical Romance ,6.0,1937,"Norma Talmadge" "Noah Beery" "Gilbert Roland" "Eddie Borden" ,Roland West,https://m.media-amazon.com/images/M/MV5BYjdlYjgwODItNWM2ZS00NjI1LTgwMDgtZmIyZjg2MzVhYjAyXkEyXkFqcGdeQXVyMTY5Nzc4MDY@._V1_UX67_CR0,0,67,98_AL_.jpg
In Old Chicago,95,Action Drama Musical ,6.8,1938,"Norma Talmadge" "Noah Beery" "Gilbert Roland" "Eddie Borden" ,Roland West,https://m.media-amazon.com/images/M/MV5BZGI5NjY4YTItMGY2My00YTg3LTk3MzgtNDgxZGFiMWJiNzU5XkEyXkFqcGdeQXVyMzg1ODEwNQ@@._V1_UX67_CR0,0,67,98_AL_.jpg
The Adventures of Robin Hood,102,Action Adventure Romance ,7.9,1938,"Norma Talmadge" "Noah Beery" "Gilbert Roland" "Eddie Borden" ,Roland West,https://m.media-amazon.com/images/M/MV5BYjZjOTU3MTMtYTM5YS00YjZmLThmNmMtODcwOTM1NmRiMWM2XkEyXkFqcGdeQXVyNjc1NTYyMjg@._V1_UX67_CR0,0,67,98_AL_.jpg
Alexander's Ragtime Band,106,Drama Music Musical ,6.9,1938,"Norma Talmadge" "Noah Beery" "Gilbert Roland" "Eddie Borden" ,Roland West,https://m.media-amazon.com/images/M/MV5BZWI4NzQ1N2UtNTgzYi00Zjg3LTg2NWItNTVlZDlkMGRiMWQ3XkEyXkFqcGdeQXVyMTMxMTY0OTQ@._V1_UX67_CR0,0,67,98_AL_.jpg
The Big Broadcast of 1938,91,Animation Comedy Musical ,6.2,1938,"Norma Talmadge" "Noah Beery" "Gilbert Roland" "Eddie Borden" ,Roland West,https://m.media-amazon.com/images/M/MV5BZTAyMGU3ODAtMzg2NC00Y2RkLTlhODQtYzM4YzcxZDUzMzRlXkEyXkFqcGdeQXVyMjI4MjA5MzA@._V1_UX67_CR0,0,67,98_AL_.jpg
Boys Town,96,Biography Drama Family ,7.2,1938,"Norma Talmadge" "Noah Beery" "Gilbert Roland" "Eddie Borden" ,Roland West,https://m.media-amazon.com/images/M/MV5BMWUwMWRmYTYtY2Q2MS00ZTRlLTljNjQtNzlkMmRjNjllNjNlXkEyXkFqcGdeQXVyMjUxODE0MDY@._V1_UX67_CR0,0,67,98_AL_.jpg
The Cowboy and the Lady,91,Western ,6.5,1938,"Norma Talmadge" "Noah Beery" "Gilbert Roland" "Eddie Borden" ,Roland West,https://m.media-amazon.com/images/M/MV5BZjc0ZTQ3OGItMTM0Zi00MDQ1LWJhMjItMWQ4YzJhZDg3Nzc1XkEyXkFqcGdeQXVyNjc0MzMzNjA@._V1_UX67_CR0,0,67,98_AL_.jpg
The Great Waltz,104,Biography Drama Music ,6.5,1938,"Norma Talmadge" "Noah Beery" "Gilbert Roland" "Eddie Borden" ,Roland West,https://m.media-amazon.com/images/M/MV5BN2I3NmRjNTYtNGE2Ny00NzgwLTk0NDMtYTYxNGNkZjQ1ODkzXkEyXkFqcGdeQXVyNjc0MzMzNjA@._V1_UX67_CR0,0,67,98_AL_.jpg
Jezebel,104,Drama Romance ,7.4,1938,"Norma Talmadge" "Noah Beery" "Gilbert Roland" "Eddie Borden" ,Roland West,https://m.media-amazon.com/images/M/MV5BMzE3MzlmODUtZDQwZS00YTlkLThkN2MtYWVkYmQ0MzYwNzVmXkEyXkFqcGdeQXVyMDI2NDg0NQ@@._V1_UX67_CR0,0,67,98_AL_.jpg
Kentucky,96,Drama Romance Sport ,6.3,1938,"Norma Talmadge" "Noah Beery" "Gilbert Roland" "Eddie Borden" ,Roland West,https://m.media-amazon.com/images/M/MV5BMGJiOGMxZDgtMjBmZS00Nzk0LThlNjktOGFjZDU2MDYzOGI5XkEyXkFqcGdeQXVyNjc0MzMzNjA@._V1_UX67_CR0,0,67,98_AL_.jpg
Pygmalion,89,Comedy Drama Romance ,7.8,1938,"Norma Talmadge" "Noah Beery" "Gilbert Roland" "Eddie Borden" ,Roland West,https://m.media-amazon.com/images/M/MV5BNTgzN2NkMTAtYTc0Yy00ODc1LWI5ZTktNDIzNGFjY2M3NDhlXkEyXkFqcGdeQXVyMzg1ODEwNQ@@._V1_UY98_CR3,0,67,98_AL_.jpg
You Can't Take It with You,126,Comedy Drama Romance ,7.8,1938,"Norma Talmadge" "Noah Beery" "Gilbert Roland" "Eddie Borden" ,Roland West,https://m.media-amazon.com/images/M/MV5BMTYzYzY0YzgtN2ZhNy00MjNiLTk1NTYtYTQ2M2E3NjJiOWYxXkEyXkFqcGdeQXVyNjc1NTYyMjg@._V1_UX67_CR0,0,67,98_AL_.jpg
Gone with the Wind,238,Drama Romance War ,8.2,1939,"Norma Talmadge" "Noah Beery" "Gilbert Roland" "Eddie Borden" ,Roland West,https://m.media-amazon.com/images/M/MV5BYjUyZWZkM2UtMzYxYy00ZmQ3LWFmZTQtOGE2YjBkNjA3YWZlXkEyXkFqcGdeQXVyNzkwMjQ5NzM@._V1_UX67_CR0,0,67,98_AL_.jpg
Goodbye, Mr. Chips,114,Drama Romance ,7.9,1939,"Norma Talmadge" "Noah Beery" "Gilbert Roland" "Eddie Borden" ,Roland West,https://m.media-amazon.com/images/M/MV5BY2JiNjljZjAtYWJmNS00ZWQxLTlhZDMtZGVhMTc1NGFjMDdjXkEyXkFqcGdeQXVyNjUwMzI2NzU@._V1_UY98_CR0,0,67,98_AL_.jpg
Mr. Smith Goes to Washington,129,Comedy Drama ,8.1,1939,"Norma Talmadge" "Noah Beery" "Gilbert Roland" "Eddie Borden" ,Roland West,https://m.media-amazon.com/images/M/MV5BZTYwYjYxYzgtMDE1Ni00NzU4LWJlMTEtODQ5YmJmMGJhZjI5L2ltYWdlXkEyXkFqcGdeQXVyMDI2NDg0NQ@@._V1_UX67_CR0,0,67,98_AL_.jpg
The Rains Came,103,Adventure Drama Romance ,6.9,1939,"Norma Talmadge" "Noah Beery" "Gilbert Roland" "Eddie Borden" ,Roland West,https://m.media-amazon.com/images/M/MV5BNjJiMDQyZDQtYzRiNC00M2UxLTlhZjctNzM1NDYyNTViMDNiL2ltYWdlL2ltYWdlXkEyXkFqcGdeQXVyNjQzNDI3NzY@._V1_UX67_CR0,0,67,98_AL_.jpg
Stagecoach,96,Adventure Drama Western ,7.8,1939,"Norma Talmadge" "Noah Beery" "Gilbert Roland" "Eddie Borden" ,Roland West,https://m.media-amazon.com/images/M/MV5BOGQ4NDUyNWQtZTEyOC00OTMzLWFhYjAtNDNmYmQ2MWQyMTRmXkEyXkFqcGdeQXVyNTA4NzY1MzY@._V1_UX67_CR0,0,67,98_AL_.jpg
When Tomorrow Comes,90,Drama Romance ,6.8,1939,"Norma Talmadge" "Noah Beery" "Gilbert Roland" "Eddie Borden" ,Roland West,https://m.media-amazon.com/images/M/MV5BZGRiZmQzOGEtYTE5NC00YWFjLTgzOGQtMWQ1MjMzNGQ3Zjg0XkEyXkFqcGdeQXVyMTYzNTE3NDA@._V1_UY98_CR0,0,67,98_AL_.jpg
The Wizard of Oz,102,Adventure Family Fantasy ,8.1,1939,"Norma Talmadge" "Noah Beery" "Gilbert Roland" "Eddie Borden" ,Roland West,https://m.media-amazon.com/images/M/MV5BNjUyMTc4MDExMV5BMl5BanBnXkFtZTgwNDg0NDIwMjE@._V1_UX67_CR0,0,67,98_AL_.jpg
Wuthering Heights,104,Drama Romance ,7.5,1939,"Norma Talmadge" "Noah Beery" "Gilbert Roland" "Eddie Borden" ,Roland West,https://m.media-amazon.com/images/M/MV5BMDAxZDkzNTktYzQyMi00YmRlLWFmYWQtY2Q4ZTQyMGFlMzNmL2ltYWdlL2ltYWdlXkEyXkFqcGdeQXVyNjc1NTYyMjg@._V1_UX67_CR0,0,67,98_AL_.jpg
Arise, My Love,110,Comedy Drama Romance ,6.9,1940,"Norma Talmadge" "Noah Beery" "Gilbert Roland" "Eddie Borden" ,Roland West,https://m.media-amazon.com/images/M/MV5BNTJlZTQ2ZjUtMTBiYS00MjFiLTg3NmUtMDllN2YwZWQzYzQyXkEyXkFqcGdeQXVyNjE5MjUyOTM@._V1_UX67_CR0,0,67,98_AL_.jpg
The Grapes of Wrath,129,Drama ,8.1,1940,"Norma Talmadge" "Noah Beery" "Gilbert Roland" "Eddie Borden" ,Roland West,https://m.media-amazon.com/images/M/MV5BNzJiOGI2MjctYjUyMS00ZjkzLWE2ZmUtOTg4NTZkOTNhZDc1L2ltYWdlXkEyXkFqcGdeQXVyNjc1NTYyMjg@._V1_UX67_CR0,0,67,98_AL_.jpg
The Great McGinty,82,Comedy ,7.3,1940,"Norma Talmadge" "Noah Beery" "Gilbert Roland" "Eddie Borden" ,Roland West,https://m.media-amazon.com/images/M/MV5BODQzYWQ3ZmYtODNkNS00M2FlLTljYzgtYjM4NTNkNjQxOTFmXkEyXkFqcGdeQXVyMjUxODE0MDY@._V1_UX67_CR0,0,67,98_AL_.jpg
Kitty Foyle,108,Drama Romance ,6.9,1940,"Norma Talmadge" "Noah Beery" "Gilbert Roland" "Eddie Borden" ,Roland West,https://m.media-amazon.com/images/M/MV5BODZkZTcwNzQtODBiNy00ZTNjLTlhMjctZDViZjQzMGIyZDg5XkEyXkFqcGdeQXVyNjc0MzMzNjA@._V1_UX67_CR0,0,67,98_AL_.jpg
North West Mounted Police,126,Western ,6.4,1940,"Norma Talmadge" "Noah Beery" "Gilbert Roland" "Eddie Borden" ,Roland West,https://m.media-amazon.com/images/M/MV5BZTkzNjI1NTEtMTgyYS00YmY0LWI4ZjItM2E4Y2QwZmRjN2I2XkEyXkFqcGdeQXVyMDI2NDg0NQ@@._V1_UX67_CR0,0,67,98_AL_.jpg
The Philadelphia Story,112,Comedy Romance ,7.9,1940,"Norma Talmadge" "Noah Beery" "Gilbert Roland" "Eddie Borden" ,Roland West,https://m.media-amazon.com/images/M/MV5BYjQ4ZDA4NGMtMTkwYi00NThiLThhZDUtZTEzNTAxOWYyY2E4XkEyXkFqcGdeQXVyMjUxODE0MDY@._V1_UX67_CR0,0,67,98_AL_.jpg
Pinocchio,88,Animation Adventure Comedy ,7.5,1940,"Norma Talmadge" "Noah Beery" "Gilbert Roland" "Eddie Borden" ,Roland West,https://m.media-amazon.com/images/M/MV5BMTU4Mzk3ODIyOF5BMl5BanBnXkFtZTgwODgyNzk2NjE@._V1_UX67_CR0,0,67,98_AL_.jpg
Pride and Prejudice,118,Drama Romance ,7.4,1940,"Norma Talmadge" "Noah Beery" "Gilbert Roland" "Eddie Borden" ,Roland West,https://m.media-amazon.com/images/M/MV5BZWJiOTVhYjktYzRhMy00MmMwLThlMjgtOGQ3NDE3YTdmNWZhXkEyXkFqcGdeQXVyMDI2NDg0NQ@@._V1_UX67_CR0,0,67,98_AL_.jpg
Rebecca,130,Drama Film-Noir Mystery ,8.1,1940,"Norma Talmadge" "Noah Beery" "Gilbert Roland" "Eddie Borden" ,Roland West,https://m.media-amazon.com/images/M/MV5BYTcxYWExOTMtMWFmYy00ZjgzLWI0YjktNWEzYzJkZTg0NDdmL2ltYWdlXkEyXkFqcGdeQXVyNjc1NTYyMjg@._V1_UY98_CR0,0,67,98_AL_.jpg
Strike Up the Band,120,Comedy Musical Romance ,6.8,1940,"Norma Talmadge" "Noah Beery" "Gilbert Roland" "Eddie Borden" ,Roland West,https://m.media-amazon.com/images/M/MV5BMzQ4YmY0YjctODkyOS00OGEzLTgyZjYtYjU4ZTU1MjlkMDhmXkEyXkFqcGdeQXVyNTE4MzAyNDk@._V1_UX67_CR0,0,67,98_AL_.jpg
The Thief of Bagdad,106,Adventure Family Fantasy ,7.4,1940,"Norma Talmadge" "Noah Beery" "Gilbert Roland" "Eddie Borden" ,Roland West,https://m.media-amazon.com/images/M/MV5BZWFhYjg4NTEtY2IzMS00YTc2LTg1NGUtMTEzNDBlZDIxZTk3XkEyXkFqcGdeQXVyMTMxMTY0OTQ@._V1_UX67_CR0,0,67,98_AL_.jpg
Tin Pan Alley,94,Drama Musical Romance ,6.5,1940,"Norma Talmadge" "Noah Beery" "Gilbert Roland" "Eddie Borden" ,Roland West,https://m.media-amazon.com/images/M/MV5BYTAwYzdiNWUtMDM1MS00MjUyLWJmZDYtMjU1YTBiMjJiZTExXkEyXkFqcGdeQXVyMzk3NTUwOQ@@._V1_UX67_CR0,0,67,98_AL_.jpg
The Westerner,100,Western ,7.3,1940,"Norma Talmadge" "Noah Beery" "Gilbert Roland" "Eddie Borden" ,Roland West,https://m.media-amazon.com/images/M/MV5BNjczNDIyYjEtYjgwYS00YTRmLTkxYzgtYjIwZDMwNWE1N2JlXkEyXkFqcGdeQXVyMDI2NDg0NQ@@._V1_UX67_CR0,0,67,98_AL_.jpg
Blood and Sand,125,Drama Sport ,6.8,1941,"Norma Talmadge" "Noah Beery" "Gilbert Roland" "Eddie Borden" ,Roland West,https://m.media-amazon.com/images/M/MV5BZDU4YmIyMDUtYjA5NC00ODYyLWJmNTItOTZlYTZlNmFjNGVkL2ltYWdlXkEyXkFqcGdeQXVyNjQzNDI3NzY@._V1_UX67_CR0,0,67,98_AL_.jpg
Blossoms in the Dust,99,Biography Drama Romance ,6.9,1941,"Norma Talmadge" "Noah Beery" "Gilbert Roland" "Eddie Borden" ,Roland West,https://m.media-amazon.com/images/M/MV5BYjE3MGZmM2UtNDRiMi00MDhiLWIyZmQtZjAzNzMwMDFjYjlhXkEyXkFqcGdeQXVyMDI2NDg0NQ@@._V1_UY98_CR1,0,67,98_AL_.jpg
Citizen Kane,119,Drama Mystery ,8.3,1941,"Norma Talmadge" "Noah Beery" "Gilbert Roland" "Eddie Borden" ,Roland West,https://m.media-amazon.com/images/M/MV5BYjBiOTYxZWItMzdiZi00NjlkLWIzZTYtYmFhZjhiMTljOTdkXkEyXkFqcGdeQXVyNzkwMjQ5NzM@._V1_UX67_CR0,0,67,98_AL_.jpg
All That Money Can Buy,107,Drama Fantasy Romance ,7.6,1941,"Norma Talmadge" "Noah Beery" "Gilbert Roland" "Eddie Borden" ,Roland West,https://m.media-amazon.com/images/M/MV5BMzRjNzk3NDUtNDU1Mi00NDA1LWI2Y2YtZjk0ZmJiZjZkN2FkL2ltYWdlL2ltYWdlXkEyXkFqcGdeQXVyMjUxODE0MDY@._V1_UX67_CR0,0,67,98_AL_.jpg
Dumbo,64,Animation Adventure Drama ,7.2,1941,"Norma Talmadge" "Noah Beery" "Gilbert Roland" "Eddie Borden" ,Roland West,https://m.media-amazon.com/images/M/MV5BNWVmNWQ2OTQtNzJlNC00ZmQwLTg4ZTktZTNmM2IxZTlkOGM3L2ltYWdlXkEyXkFqcGdeQXVyNTAyODkwOQ@@._V1_UX67_CR0,0,67,98_AL_.jpg
49th Parallel,123,Drama Thriller War ,7.3,1941,"Norma Talmadge" "Noah Beery" "Gilbert Roland" "Eddie Borden" ,Roland West,https://m.media-amazon.com/images/M/MV5BNjlkZWI4MDQtOTczZC00MWVlLTk4YWYtNjYwMGJjMjRlMTMxL2ltYWdlXkEyXkFqcGdeQXVyNjQzNDI3NzY@._V1_UY98_CR1,0,67,98_AL_.jpg
The Great Lie,108,Drama ,7.1,1941,"Norma Talmadge" "Noah Beery" "Gilbert Roland" "Eddie Borden" ,Roland West,https://m.media-amazon.com/images/M/MV5BMGYzYTFhYWItNzcxZi00NzI4LThjZTYtMWRjYWNhODZmZjgwXkEyXkFqcGdeQXVyNjc0MzMzNjA@._V1_UX67_CR0,0,67,98_AL_.jpg
Here Comes Mr. Jordan,94,Comedy Fantasy Romance ,7.6,1941,"Norma Talmadge" "Noah Beery" "Gilbert Roland" "Eddie Borden" ,Roland West,https://m.media-amazon.com/images/M/MV5BNmI3NjI1YWEtOGYzNC00NGQzLTg2MjktZjE3YzNjNTM4ODkwXkEyXkFqcGdeQXVyMDI2NDg0NQ@@._V1_UX67_CR0,0,67,98_AL_.jpg
How Green Was My Valley,118,Drama Family ,7.7,1941,"Norma Talmadge" "Noah Beery" "Gilbert Roland" "Eddie Borden" ,Roland West,https://m.media-amazon.com/images/M/MV5BMjE1YWRmMWEtYTQ0Yy00NGEwLWFmNzAtZDkwOWNjMzkwYzJmXkEyXkFqcGdeQXVyNjc1NTYyMjg@._V1_UX67_CR0,0,67,98_AL_.jpg
I Wanted Wings,135,Drama War ,6.3,1941,"Norma Talmadge" "Noah Beery" "Gilbert Roland" "Eddie Borden" ,Roland West,https://m.media-amazon.com/images/M/MV5BY2ViZjg1YjQtN2M3MS00NDM3LWI5MjgtNjZiMDI4OTVkODQwXkEyXkFqcGdeQXVyMDI2NDg0NQ@@._V1_UX67_CR0,0,67,98_AL_.jpg
Johnny Eager,107,Crime Film-Noir Thriller ,7.0,1941,"Norma Talmadge" "Noah Beery" "Gilbert Roland" "Eddie Borden" ,Roland West,https://m.media-amazon.com/images/M/MV5BMWMxNWQ1YzctZmQyMy00YjI4LWI0NDEtNTMwZGY1OGI0YzYyXkEyXkFqcGdeQXVyMjUxODE0MDY@._V1_UX67_CR0,0,67,98_AL_.jpg
Lady Be Good,112,Comedy Music Musical ,6.4,1941,"Norma Talmadge" "Noah Beery" "Gilbert Roland" "Eddie Borden" ,Roland West,https://m.media-amazon.com/images/M/MV5BM2EzZDJlNzAtODc3ZC00ZDZiLTgxMjEtMjBmNjEzNWFiZWE0XkEyXkFqcGdeQXVyNjc0MzMzNjA@._V1_UX67_CR0,0,67,98_AL_.jpg
Sergeant York,134,Biography Drama History ,7.7,1941,"Norma Talmadge" "Noah Beery" "Gilbert Roland" "Eddie Borden" ,Roland West,https://m.media-amazon.com/images/M/MV5BYmEzN2M4YjgtZmQ2MC00ZGI3LWEwNWEtNDRjNGE0N2FiMzQzXkEyXkFqcGdeQXVyNjc1NTYyMjg@._V1_UX67_CR0,0,67,98_AL_.jpg
Suspicion,99,Film-Noir Mystery Thriller ,7.3,1941,"Norma Talmadge" "Noah Beery" "Gilbert Roland" "Eddie Borden" ,Roland West,https://m.media-amazon.com/images/M/MV5BMDZiZWJjMjMtMjg4MC00Njk5LTliYzktZGM5ODBmNTA3YTc1XkEyXkFqcGdeQXVyNjc1NTYyMjg@._V1_UX67_CR0,0,67,98_AL_.jpg
That Hamilton Woman,125,Drama History Romance ,7.2,1941,"Norma Talmadge" "Noah Beery" "Gilbert Roland" "Eddie Borden" ,Roland West,https://m.media-amazon.com/images/M/MV5BZGVlYTFjNjEtYmM5OC00YjIxLThlNjAtZTIxOWU1NGI0YTViXkEyXkFqcGdeQXVyNjE5MjUyOTM@._V1_UX67_CR0,0,67,98_AL_.jpg
The Black Swan,87,Adventure Drama ,6.7,1942,"Norma Talmadge" "Noah Beery" "Gilbert Roland" "Eddie Borden" ,Roland West,https://m.media-amazon.com/images/M/MV5BMDNjMDhlYmQtYzc4Yy00OWVlLWIzZTQtNmZiYTY1OGI3OGRmXkEyXkFqcGdeQXVyNjMwMjk0MTQ@._V1_UY98_CR0,0,67,98_AL_.jpg
Casablanca,102,Drama Romance War ,8.5,1942,"Norma Talmadge" "Noah Beery" "Gilbert Roland" "Eddie Borden" ,Roland West,https://m.media-amazon.com/images/M/MV5BY2IzZGY2YmEtYzljNS00NTM5LTgwMzUtMzM1NjQ4NGI0OTk0XkEyXkFqcGdeQXVyNDYyMDk5MTU@._V1_UX67_CR0,0,67,98_AL_.jpg
Holiday Inn,100,Comedy Drama Music ,7.4,1942,"Norma Talmadge" "Noah Beery" "Gilbert Roland" "Eddie Borden" ,Roland West,https://m.media-amazon.com/images/M/MV5BMTUyODU0OTUwMF5BMl5BanBnXkFtZTgwMTE4NTQzMjE@._V1_UX67_CR0,0,67,98_AL_.jpg
Mrs. Miniver,134,Drama Romance War ,7.6,1942,"Norma Talmadge" "Noah Beery" "Gilbert Roland" "Eddie Borden" ,Roland West,https://m.media-amazon.com/images/M/MV5BY2UxNjcwYmQtODc1NC00ZjQ1LTk4NDctZTE0NjhlMjNlOTEyXkEyXkFqcGdeQXVyNjc1NTYyMjg@._V1_UX67_CR0,0,67,98_AL_.jpg
My Gal Sal,103,Drama ,6.2,1942,"Norma Talmadge" "Noah Beery" "Gilbert Roland" "Eddie Borden" ,Roland West,https://m.media-amazon.com/images/M/MV5BNzg2NzQwMzYtMTcxNy00N2I2LWFkNGQtZTIzY2ZhMTRhZjBhXkEyXkFqcGdeQXVyNjc0MzMzNjA@._V1_UX67_CR0,0,67,98_AL_.jpg
Now, Voyager,117,Drama Romance ,7.9,1942,"Norma Talmadge" "Noah Beery" "Gilbert Roland" "Eddie Borden" ,Roland West,https://m.media-amazon.com/images/M/MV5BZDQ2YWUxOTctYWNjMi00NzE3LTg4MjUtMzUyNzA0OTJjZjNjXkEyXkFqcGdeQXVyMTAwMzUyOTc@._V1_UY98_CR0,0,67,98_AL_.jpg
The Pride of the Yankees,128,Biography Drama Romance ,7.6,1942,"Norma Talmadge" "Noah Beery" "Gilbert Roland" "Eddie Borden" ,Roland West,https://m.media-amazon.com/images/M/MV5BYzVhOGQ2ODgtN2Q2Yy00MzBiLWE3NGUtOTNlODU2MWQwZDVjXkEyXkFqcGdeQXVyMDI2NDg0NQ@@._V1_UX67_CR0,0,67,98_AL_.jpg
Reap the Wild Wind,123,Action Adventure Drama ,6.7,1942,"Norma Talmadge" "Noah Beery" "Gilbert Roland" "Eddie Borden" ,Roland West,https://m.media-amazon.com/images/M/MV5BMjg5MjI0YzQtMjhlNS00ZDI2LTk4OTktODk5MDg1N2Q3ZWZjXkEyXkFqcGdeQXVyMDI2NDg0NQ@@._V1_UX67_CR0,0,67,98_AL_.jpg
This Above All,110,Drama Romance War ,6.7,1942,"Norma Talmadge" "Noah Beery" "Gilbert Roland" "Eddie Borden" ,Roland West,https://m.media-amazon.com/images/M/MV5BNGQwOTU4NjItY2M4OC00OGI5LWIxMzEtYzU0NWQ1ZjM4NjNjXkEyXkFqcGdeQXVyMDI2NDg0NQ@@._V1_UX67_CR0,0,67,98_AL_.jpg
Woman of the Year,114,Comedy Drama Romance ,7.2,1942,"Norma Talmadge" "Noah Beery" "Gilbert Roland" "Eddie Borden" ,Roland West,https://m.media-amazon.com/images/M/MV5BNGQ2Njk4OTAtZjg3OC00ZDIyLTgyNGMtYjMzNDIzZWZiMGM2XkEyXkFqcGdeQXVyMzg1ODEwNQ@@._V1_UX67_CR0,0,67,98_AL_.jpg
Yankee Doodle Dandy,126,Biography Drama Family ,7.6,1942,"Norma Talmadge" "Noah Beery" "Gilbert Roland" "Eddie Borden" ,Roland West,https://m.media-amazon.com/images/M/MV5BNDQ2MWJjNjUtYmVlNS00YjUzLWFkMDEtYzE2MjkxOTljMmI1XkEyXkFqcGdeQXVyNjc1NTYyMjg@._V1_UX67_CR0,0,67,98_AL_.jpg
Air Force,124,Action Drama History ,7.0,1943,"Norma Talmadge" "Noah Beery" "Gilbert Roland" "Eddie Borden" ,Roland West,https://m.media-amazon.com/images/M/MV5BMjU0MDY5OWEtNmMzNC00ZTJmLWIxNmMtM2U3NWNmNTY5ODA5XkEyXkFqcGdeQXVyMDI2NDg0NQ@@._V1_UX67_CR0,0,67,98_AL_.jpg
Crash Dive,106,Drama War ,6.4,1943,"Norma Talmadge" "Noah Beery" "Gilbert Roland" "Eddie Borden" ,Roland West,https://m.media-amazon.com/images/M/MV5BYWZkZWQ1NzItYjRkNS00MmU4LWE3OGEtZmExMDMyZjA5NDk0XkEyXkFqcGdeQXVyMDI2NDg0NQ@@._V1_UX67_CR0,0,67,98_AL_.jpg
For Whom the Bell Tolls,170,Adventure Drama History ,6.8,1943,"Norma Talmadge" "Noah Beery" "Gilbert Roland" "Eddie Borden" ,Roland West,https://m.media-amazon.com/images/M/MV5BM2U0MDQwMjctOGI2Yy00NjIyLWI4NjEtMjY3MDQxZDEwZGY2XkEyXkFqcGdeQXVyMDI2NDg0NQ@@._V1_UX67_CR0,0,67,98_AL_.jpg
Hello Frisco, Hello,99,Musical ,6.5,1943,"Norma Talmadge" "Noah Beery" "Gilbert Roland" "Eddie Borden" ,Roland West,https://m.media-amazon.com/images/M/MV5BZWFmODM1YjEtZTE5Mi00YTg3LWExMTQtZmY2MDhhNzYwZDE4XkEyXkFqcGdeQXVyNjc0MzMzNjA@._V1_UX67_CR0,0,67,98_AL_.jpg
The Human Comedy,117,Comedy Drama Family ,7.0,1943,"Norma Talmadge" "Noah Beery" "Gilbert Roland" "Eddie Borden" ,Roland West,https://m.media-amazon.com/images/M/MV5BNGQxYjFlMTMtYWNkNS00MWUwLWFlNjItYTk5ZDgzZjc3ZTVkXkEyXkFqcGdeQXVyMTI5Mjg2Ng@@._V1_UX67_CR0,0,67,98_AL_.jpg
The More the Merrier,104,Comedy ,7.7,1943,"Norma Talmadge" "Noah Beery" "Gilbert Roland" "Eddie Borden" ,Roland West,https://m.media-amazon.com/images/M/MV5BZDM0NTY2ZTAtZTRjYi00ZDEyLThjMGYtYTRmNjY5NDIwNGFkXkEyXkFqcGdeQXVyNjc1NTYyMjg@._V1_UX67_CR0,0,67,98_AL_.jpg
Phantom of the Opera,92,Drama Horror Music ,6.4,1943,"Norma Talmadge" "Noah Beery" "Gilbert Roland" "Eddie Borden" ,Roland West,https://m.media-amazon.com/images/M/MV5BZjFmZTI0YzgtMDFjNi00YTJmLWI4NzgtYzVlYjVmMzAzMDliXkEyXkFqcGdeQXVyMDI2NDg0NQ@@._V1_UX67_CR0,0,67,98_AL_.jpg
Princess O'Rourke,94,Comedy Romance ,6.8,1943,"Norma Talmadge" "Noah Beery" "Gilbert Roland" "Eddie Borden" ,Roland West,https://m.media-amazon.com/images/M/MV5BNmU2NGU2NzYtZWNhYS00NThjLTgzY2ItMjU0ZWE3OTljNGNjXkEyXkFqcGdeQXVyNjE5MjUyOTM@._V1_UX67_CR0,0,67,98_AL_.jpg
The Song of Bernadette,156,Biography Drama ,7.6,1943,"Norma Talmadge" "Noah Beery" "Gilbert Roland" "Eddie Borden" ,Roland West,https://m.media-amazon.com/images/M/MV5BZjBlNWVkOTUtYjk2YS00YmM0LWIyYzAtMDc1OGYwNzNhM2Y0XkEyXkFqcGdeQXVyMTAwMzUyOTc@._V1_UY98_CR0,0,67,98_AL_.jpg
This Is the Army,121,Musical ,5.8,1943,"Norma Talmadge" "Noah Beery" "Gilbert Roland" "Eddie Borden" ,Roland West,https://m.media-amazon.com/images/M/MV5BZGIxY2E4ZDItNjc5Zi00ZTk4LWIzY2ItMmVhZmY0MTYwNzMyXkEyXkFqcGdeQXVyNjc1NTYyMjg@._V1_UX67_CR0,0,67,98_AL_.jpg
This Land Is Mine,103,Drama War ,7.5,1943,"Norma Talmadge" "Noah Beery" "Gilbert Roland" "Eddie Borden" ,Roland West,https://m.media-amazon.com/images/M/MV5BMTQ2ODAyNDcxNF5BMl5BanBnXkFtZTgwMTAzMjQ4NjE@._V1_UX67_CR0,0,67,98_AL_.jpg
Watch on the Rhine,114,Drama Thriller ,7.2,1943,"Norma Talmadge" "Noah Beery" "Gilbert Roland" "Eddie Borden" ,Roland West,https://m.media-amazon.com/images/M/MV5BM2ZmMDhjNmQtN2MxNy00MTdmLTg4MTEtZTVkMTFmZDg0NTNlXkEyXkFqcGdeQXVyMDI2NDg0NQ@@._V1_UX67_CR0,0,67,98_AL_.jpg
Cover Girl,107,Comedy Music Musical ,6.7,1944,"Norma Talmadge" "Noah Beery" "Gilbert Roland" "Eddie Borden" ,Roland West,https://m.media-amazon.com/images/M/MV5BMGFjMTUzN2MtZWIwMC00ZTk5LThkMDktNzU2NDNmYjdmNzhlL2ltYWdlL2ltYWdlXkEyXkFqcGdeQXVyNDQzMDg4Nzk@._V1_UX67_CR0,0,67,98_AL_.jpg
Frenchman's Creek,110,Adventure Drama Romance ,6.1,1944,"Norma Talmadge" "Noah Beery" "Gilbert Roland" "Eddie Borden" ,Roland West,https://m.media-amazon.com/images/M/MV5BZGJlNzVmOGMtZjYzMi00NGI0LThjZDMtOWFjZjNlZTBkZDA2XkEyXkFqcGdeQXVyMjA0MzYwMDY@._V1_UX67_CR0,0,67,98_AL_.jpg
Gaslight,114,Crime Drama Mystery ,7.8,1944,"Norma Talmadge" "Noah Beery" "Gilbert Roland" "Eddie Borden" ,Roland West,https://m.media-amazon.com/images/M/MV5BNTU0Y2YyZTgtZWQ4ZC00YTNkLTgxMTktYTE3OTQ0Y2FjNTM2XkEyXkFqcGdeQXVyNzYxODE3NTQ@._V1_UX67_CR0,0,67,98_AL_.jpg
Going My Way,126,Comedy Drama Music ,7.0,1944,"Norma Talmadge" "Noah Beery" "Gilbert Roland" "Eddie Borden" ,Roland West,https://m.media-amazon.com/images/M/MV5BODU3MDUzMzItNjk4Ni00ODQxLWI2NDUtNDIzMzc5YmYyMTYwXkEyXkFqcGdeQXVyNjc1NTYyMjg@._V1_UX67_CR0,0,67,98_AL_.jpg
Laura,88,Drama Film-Noir Mystery ,7.9,1944,"Norma Talmadge" "Noah Beery" "Gilbert Roland" "Eddie Borden" ,Roland West,https://m.media-amazon.com/images/M/MV5BNjYwY2VmOGEtZTM1Mi00YmZhLWFkY2QtNmNlYzA0NmE5MTNlXkEyXkFqcGdeQXVyMzg1ODEwNQ@@._V1_UX67_CR0,0,67,98_AL_.jpg
National Velvet,123,Drama Family Sport ,7.3,1944,"Norma Talmadge" "Noah Beery" "Gilbert Roland" "Eddie Borden" ,Roland West,https://m.media-amazon.com/images/M/MV5BMDAzMGEwYWEtOGUyNi00Y2NjLWE1YjktZTMyM2ExYjUzYjk1XkEyXkFqcGdeQXVyNjc1NTYyMjg@._V1_UX67_CR0,0,67,98_AL_.jpg
None But the Lonely Heart,113,Drama Romance ,6.4,1944,"Norma Talmadge" "Noah Beery" "Gilbert Roland" "Eddie Borden" ,Roland West,https://m.media-amazon.com/images/M/MV5BNjQyZWVhYWMtNTljMy00MjMwLWIyODQtOTEwMDdmNDRhNWUxXkEyXkFqcGdeQXVyMDI2NDg0NQ@@._V1_UX67_CR0,0,67,98_AL_.jpg
Since You Went Away,177,Drama Romance War ,7.5,1944,"Norma Talmadge" "Noah Beery" "Gilbert Roland" "Eddie Borden" ,Roland West,https://m.media-amazon.com/images/M/MV5BMTcyNDE3MjI0NV5BMl5BanBnXkFtZTgwODg0MTM1MjE@._V1_UX67_CR0,0,67,98_AL_.jpg
Thirty Seconds Over Tokyo,138,Drama History War ,7.2,1944,"Norma Talmadge" "Noah Beery" "Gilbert Roland" "Eddie Borden" ,Roland West,https://m.media-amazon.com/images/M/MV5BNzZmZjg1ZDAtY2VkYi00YTY1LWFmMzQtNjc4NmZmNmE1MjQxL2ltYWdlXkEyXkFqcGdeQXVyNjQzNDI3NzY@._V1_UX67_CR0,0,67,98_AL_.jpg
Wilson,154,Biography Drama History ,6.4,1944,"Norma Talmadge" "Noah Beery" "Gilbert Roland" "Eddie Borden" ,Roland West,https://m.media-amazon.com/images/M/MV5BNGU1OTMzNjItZGUxYy00NjE5LThkMzYtNjAyMTU1M2RhNjViXkEyXkFqcGdeQXVyNTkxMzEwMzU@._V1_UX67_CR0,0,67,98_AL_.jpg
Marie-Louise,93,Drama ,6.8,1944,"Norma Talmadge" "Noah Beery" "Gilbert Roland" "Eddie Borden" ,Roland West,https://m.media-amazon.com/images/M/MV5BOTE2NTM3NzktZGYxNC00NmVmLTkyNmYtNTQ5NjY5NzdkNzYxXkEyXkFqcGdeQXVyMTc4MzI2NQ@@._V1_UY98_CR1,0,67,98_AL_.jpg
Anchors Aweigh,140,Comedy Fantasy Musical ,7.0,1945,"Norma Talmadge" "Noah Beery" "Gilbert Roland" "Eddie Borden" ,Roland West,https://m.media-amazon.com/images/M/MV5BMTY3MzM0ZmEtZDc3Ni00N2FmLTk3NzQtYTc0ZThiMWFlZGM2XkEyXkFqcGdeQXVyMTY5Nzc4MDY@._V1_UX67_CR0,0,67,98_AL_.jpg
The Bells of St. Mary's,126,Drama ,7.2,1945,"Norma Talmadge" "Noah Beery" "Gilbert Roland" "Eddie Borden" ,Roland West,https://m.media-amazon.com/images/M/MV5BYWYyZjk5OGEtZTFhNS00OTg0LWJjNWEtYjlkOTQ1MjM1N2ZkXkEyXkFqcGdeQXVyMDI2NDg0NQ@@._V1_UX67_CR0,0,67,98_AL_.jpg
Blood on the Sun,94,Drama Romance Thriller ,6.0,1945,"Norma Talmadge" "Noah Beery" "Gilbert Roland" "Eddie Borden" ,Roland West,https://m.media-amazon.com/images/M/MV5BZTdhNGQ2YzQtNmNjNC00NDAzLTlkZWMtODQ3Y2M3MDhiMWU2XkEyXkFqcGdeQXVyMTMxMTY0OTQ@._V1_UX67_CR0,0,67,98_AL_.jpg
The House on 92nd Street,88,Crime Drama Film-Noir ,6.6,1945,"Norma Talmadge" "Noah Beery" "Gilbert Roland" "Eddie Borden" ,Roland West,https://m.media-amazon.com/images/M/MV5BZTRlNDI2MjUtNzdmOS00NTViLTlhM2MtMmNjZmUxZmEzZmU2XkEyXkFqcGdeQXVyMjQwMDg0Ng@@._V1_UX67_CR0,0,67,98_AL_.jpg
Leave Her to Heaven,110,Drama Film-Noir Romance ,7.6,1945,"Norma Talmadge" "Noah Beery" "Gilbert Roland" "Eddie Borden" ,Roland West,https://m.media-amazon.com/images/M/MV5BMWFlYmIyODYtMDQ4YS00OWNmLWFkOTQtOGUyMzE5M2Y5ZGUxXkEyXkFqcGdeQXVyMzU4ODM5Nw@@._V1_UX67_CR0,0,67,98_AL_.jpg
The Lost Weekend,101,Drama Film-Noir ,7.9,1945,"Norma Talmadge" "Noah Beery" "Gilbert Roland" "Eddie Borden" ,Roland West,https://m.media-amazon.com/images/M/MV5BMTk4NDQ0NjgyNF5BMl5BanBnXkFtZTgwMTE3NTkxMTE@._V1_UX67_CR0,0,67,98_AL_.jpg
Mildred Pierce,111,Crime Drama Film-Noir ,8.0,1945,"Norma Talmadge" "Noah Beery" "Gilbert Roland" "Eddie Borden" ,Roland West,https://m.media-amazon.com/images/M/MV5BNzljY2U2MDItYWE3Yi00OWE3LWEyMjQtMGNkZmJjNDE0NDJjXkEyXkFqcGdeQXVyNjc1NTYyMjg@._V1_UX67_CR0,0,67,98_AL_.jpg
Vacation from Marriage,102,Drama Romance ,7.1,1945,"Norma Talmadge" "Noah Beery" "Gilbert Roland" "Eddie Borden" ,Roland West,https://m.media-amazon.com/images/M/MV5BOTQ3Y2YyNmItMTdkYy00ODBhLWE4MmUtMjYzYWViMzg2ZjkxXkEyXkFqcGdeQXVyMDI2NDg0NQ@@._V1_UX67_CR0,0,67,98_AL_.jpg
The Picture of Dorian Gray,110,Drama Fantasy Horror ,7.5,1945,"Norma Talmadge" "Noah Beery" "Gilbert Roland" "Eddie Borden" ,Roland West,https://m.media-amazon.com/images/M/MV5BM2E4NTM1MTUtNjhiZS00NzE3LWI0ZjItMTU5ZDQ3YjBjYjU5XkEyXkFqcGdeQXVyNTEwNDcxNDc@._V1_UY98_CR1,0,67,98_AL_.jpg
Spellbound,111,Film-Noir Mystery Romance ,7.5,1945,"Norma Talmadge" "Noah Beery" "Gilbert Roland" "Eddie Borden" ,Roland West,https://m.media-amazon.com/images/M/MV5BMjE0ZjdmNjQtNWE0MC00MjVjLTg1MDItYzc5YTE1NGFkNjUzXkEyXkFqcGdeQXVyMTY5Nzc4MDY@._V1_UX67_CR0,0,67,98_AL_.jpg
State Fair,100,Comedy Drama Musical ,7.0,1945,"Norma Talmadge" "Noah Beery" "Gilbert Roland" "Eddie Borden" ,Roland West,https://m.media-amazon.com/images/M/MV5BY2U0MmMxNzUtZDQzMC00MGFkLTk5ZmMtOTE2NzM1YTg2OTk2XkEyXkFqcGdeQXVyNjE5MjUyOTM@._V1_UX67_CR0,0,67,98_AL_.jpg
A Tree Grows in Brooklyn,129,Drama Family Romance ,8.0,1945,"Norma Talmadge" "Noah Beery" "Gilbert Roland" "Eddie Borden" ,Roland West,https://m.media-amazon.com/images/M/MV5BMWY5MWU5YjItYzRkMi00Mzg0LTg5MDktNjExNjcxMTU0YzUzXkEyXkFqcGdeQXVyMzk3NTUwOQ@@._V1_UX67_CR0,0,67,98_AL_.jpg
Wonder Man,98,Comedy Fantasy Musical ,6.9,1945,"Norma Talmadge" "Noah Beery" "Gilbert Roland" "Eddie Borden" ,Roland West,https://m.media-amazon.com/images/M/MV5BNGQ3ODUzNGEtNDRhNS00ZmZiLTk0YWYtZDJlYTExZmU1MGQ3XkEyXkFqcGdeQXVyNjMwMjk0MTQ@._V1_UX67_CR0,0,67,98_AL_.jpg
Blithe Spirit,96,Comedy Fantasy ,7.1,1945,"Norma Talmadge" "Noah Beery" "Gilbert Roland" "Eddie Borden" ,Roland West,https://m.media-amazon.com/images/M/MV5BN2FiNmJmN2MtNGYyOS00YzI2LWFjMTItZDUxZWFkNzg2MTUyL2ltYWdlL2ltYWdlXkEyXkFqcGdeQXVyNjc1NTYyMjg@._V1_UX67_CR0,0,67,98_AL_.jpg
The Seventh Veil,94,Drama Music ,6.7,1945,"Norma Talmadge" "Noah Beery" "Gilbert Roland" "Eddie Borden" ,Roland West,https://m.media-amazon.com/images/M/MV5BNTIyNzY2OTkzNl5BMl5BanBnXkFtZTcwNTgyMTM4NA@@._V1_UX67_CR0,0,67,98_AL_.jpg
The Best Years of Our Lives,170,Drama Romance War ,8.1,1946,"Norma Talmadge" "Noah Beery" "Gilbert Roland" "Eddie Borden" ,Roland West,https://m.media-amazon.com/images/M/MV5BY2RmNTRjYzctODI4Ni00MzQyLWEyNTAtNjU0N2JkMTNhNjJkXkEyXkFqcGdeQXVyNjU0OTQ0OTY@._V1_UX67_CR0,0,67,98_AL_.jpg
Anna and the King of Siam,128,Biography Drama Romance ,7.0,1946,"Norma Talmadge" "Noah Beery" "Gilbert Roland" "Eddie Borden" ,Roland West,https://m.media-amazon.com/images/M/MV5BZDA3Yzc5NGMtN2ExMC00ZTI1LWJjNzgtNTU1NjNmZjQ3NmIxXkEyXkFqcGdeQXVyNjc1NTYyMjg@._V1_UX67_CR0,0,67,98_AL_.jpg
Great Expectations,118,Adventure Drama Mystery ,7.8,1946,"Norma Talmadge" "Noah Beery" "Gilbert Roland" "Eddie Borden" ,Roland West,https://m.media-amazon.com/images/M/MV5BZjA1YTQ1NGItZDI0OS00MTFiLTg1NTUtOWViMTg0ZDA4MWMyL2ltYWdlL2ltYWdlXkEyXkFqcGdeQXVyNjUwNzk3NDc@._V1_UX67_CR0,0,67,98_AL_.jpg
The Harvey Girls,102,Comedy Musical Western ,7.0,1946,"Norma Talmadge" "Noah Beery" "Gilbert Roland" "Eddie Borden" ,Roland West,https://m.media-amazon.com/images/M/MV5BMGZkMTg3YWQtZTMyOS00MDVjLTllOTQtYjczNjFkNjNlOTcyXkEyXkFqcGdeQXVyNjc0MzMzNjA@._V1_UX67_CR0,0,67,98_AL_.jpg
The Jolson Story,128,Biography Drama Music ,7.2,1946,"Norma Talmadge" "Noah Beery" "Gilbert Roland" "Eddie Borden" ,Roland West,https://m.media-amazon.com/images/M/MV5BNTkwOTU2MDUtZjgxOS00YWNmLWJiZGEtNTU5MzJhNDQ0YmJlXkEyXkFqcGdeQXVyMDI2NDg0NQ@@._V1_UY98_CR1,0,67,98_AL_.jpg
The Razor's Edge,145,Drama Romance ,7.3,1946,"Norma Talmadge" "Noah Beery" "Gilbert Roland" "Eddie Borden" ,Roland West,https://m.media-amazon.com/images/M/MV5BNmIwMDA3MzMtODY4OC00NjkxLWIyNGQtMTVhOGY4Nzc5ZDI0XkEyXkFqcGdeQXVyMDI2NDg0NQ@@._V1_UX67_CR0,0,67,98_AL_.jpg
Song of the South,94,Animation Comedy Family ,7.0,1946,"Norma Talmadge" "Noah Beery" "Gilbert Roland" "Eddie Borden" ,Roland West,https://m.media-amazon.com/images/M/MV5BMjU3ZTgzMjQtZDBhMS00ZmRlLTliM2ItOTE1MmEzOWRkZTIzXkEyXkFqcGdeQXVyNzY1NDgwNjQ@._V1_UX67_CR0,0,67,98_AL_.jpg
To Each His Own,122,Drama Romance ,7.7,1946,"Norma Talmadge" "Noah Beery" "Gilbert Roland" "Eddie Borden" ,Roland West,https://m.media-amazon.com/images/M/MV5BMGVmODJlYjktZWVhMi00N2Q5LWE0MjYtMmVlMWMzNDYwNDc0XkEyXkFqcGdeQXVyMzg1ODEwNQ@@._V1_UX67_CR0,0,67,98_AL_.jpg
The Yearling,128,Drama Family Western ,7.2,1946,"Norma Talmadge" "Noah Beery" "Gilbert Roland" "Eddie Borden" ,Roland West,https://m.media-amazon.com/images/M/MV5BMjI0NjVhMDMtZTZmMy00MWYwLTkyMjQtMDEyMmVkYmJmOTQ5XkEyXkFqcGdeQXVyNjE5MjUyOTM@._V1_UX67_CR0,0,67,98_AL_.jpg
The Bachelor and the Bobby-Soxer,95,Comedy Romance ,7.2,1947,"Norma Talmadge" "Noah Beery" "Gilbert Roland" "Eddie Borden" ,Roland West,https://m.media-amazon.com/images/M/MV5BZGMyNDVkZmMtYmFlYi00NmQ0LWI3MjEtNWU1OTA3ZjM1MjZhL2ltYWdlL2ltYWdlXkEyXkFqcGdeQXVyNjE5MjUyOTM@._V1_UX67_CR0,0,67,98_AL_.jpg
The Bishop's Wife,109,Comedy Drama Fantasy ,7.6,1947,"Norma Talmadge" "Noah Beery" "Gilbert Roland" "Eddie Borden" ,Roland West,https://m.media-amazon.com/images/M/MV5BNjU4ZTEwY2UtMDg2OS00YTgxLTlkZTQtY2M1ZGM1YTc0NWFmXkEyXkFqcGdeQXVyMDI2NDg0NQ@@._V1_UX67_CR0,0,67,98_AL_.jpg
Black Narcissus,101,Drama ,7.8,1947,"Norma Talmadge" "Noah Beery" "Gilbert Roland" "Eddie Borden" ,Roland West,https://m.media-amazon.com/images/M/MV5BMTg3MDQxMzg2OF5BMl5BanBnXkFtZTgwNDY5NTY3MzE@._V1_UX67_CR0,0,67,98_AL_.jpg
Body and Soul,104,Drama Film-Noir Sport ,7.6,1947,"Norma Talmadge" "Noah Beery" "Gilbert Roland" "Eddie Borden" ,Roland West,https://m.media-amazon.com/images/M/MV5BMWUwZjc3ODQtMzAxZi00ZmY0LTg2MGEtNGQxY2U5ZTc0YjJhXkEyXkFqcGdeQXVyNjc1NTYyMjg@._V1_UX67_CR0,0,67,98_AL_.jpg
A Double Life,104,Crime Drama Film-Noir ,7.0,1947,"Norma Talmadge" "Noah Beery" "Gilbert Roland" "Eddie Borden" ,Roland West,https://m.media-amazon.com/images/M/MV5BZTBkMGMzMGYtZDU5My00YjA0LTk4MzktYjAzNDMwMGU4MDY3XkEyXkFqcGdeQXVyNjc1NTYyMjg@._V1_UX67_CR0,0,67,98_AL_.jpg
The Farmer's Daughter,97,Comedy Drama Romance ,7.2,1947,"Norma Talmadge" "Noah Beery" "Gilbert Roland" "Eddie Borden" ,Roland West,https://m.media-amazon.com/images/M/MV5BM2FiNWFmYzYtNWRhOC00NDE1LThmZTYtZTViZWU4MmRjYjExXkEyXkFqcGdeQXVyMDI2NDg0NQ@@._V1_UX67_CR0,0,67,98_AL_.jpg
Gentleman's Agreement,118,Drama Romance ,7.2,1947,"Norma Talmadge" "Noah Beery" "Gilbert Roland" "Eddie Borden" ,Roland West,https://m.media-amazon.com/images/M/MV5BMTZhYWIxNmMtYzE2OS00YzljLWI2YTQtZTE0NDU5ZDQwZTc0L2ltYWdlXkEyXkFqcGdeQXVyNjc1NTYyMjg@._V1_UX67_CR0,0,67,98_AL_.jpg
Green Dolphin Street,141,Adventure Romance Drama ,6.8,1947,"Norma Talmadge" "Noah Beery" "Gilbert Roland" "Eddie Borden" ,Roland West,https://m.media-amazon.com/images/M/MV5BYjc1ZjVhZmMtY2RlYy00ZGE0LWE2YjQtZjM4YzY5MThiMmVmXkEyXkFqcGdeQXVyMDI2NDg0NQ@@._V1_UX67_CR0,0,67,98_AL_.jpg
Miracle on 34th Street,96,Comedy Drama Family ,7.9,1947,"Norma Talmadge" "Noah Beery" "Gilbert Roland" "Eddie Borden" ,Roland West,https://m.media-amazon.com/images/M/MV5BNjRkOGEwYTUtY2E5Yy00ODg4LTk2ZWItY2IyMzUxOGVhMTM1XkEyXkFqcGdeQXVyNDk0MDg4NDk@._V1_UX67_CR0,0,67,98_AL_.jpg
Mother Wore Tights,107,Drama Musical ,6.4,1947,"Norma Talmadge" "Noah Beery" "Gilbert Roland" "Eddie Borden" ,Roland West,https://m.media-amazon.com/images/M/MV5BMGMzMzk0YzItOTZjMi00MDhjLWJhM2YtNzM3MjZiMzU0ODdjXkEyXkFqcGdeQXVyNjA2ODA0Nzc@._V1_UX67_CR0,0,67,98_AL_.jpg
Adventures of Don Juan,110,Action Adventure Romance ,7.0,1948,"Norma Talmadge" "Noah Beery" "Gilbert Roland" "Eddie Borden" ,Roland West,https://m.media-amazon.com/images/M/MV5BMDBjMDgyNTQtNjI0My00M2M3LTg1NjEtZmZmNzhmNDhlY2MzXkEyXkFqcGdeQXVyNjgxMjk3MTk@._V1_UY98_CR0,0,67,98_AL_.jpg
Easter Parade,103,Musical Romance ,7.3,1948,"Norma Talmadge" "Noah Beery" "Gilbert Roland" "Eddie Borden" ,Roland West,https://m.media-amazon.com/images/M/MV5BNTFkOTMwMzctYmZiZS00ODRjLTgxOWUtYjUzYjJlOWFjNjBiXkEyXkFqcGdeQXVyMDI2NDg0NQ@@._V1_UX67_CR0,0,67,98_AL_.jpg
Hamlet,154,Drama ,7.6,1948,"Norma Talmadge" "Noah Beery" "Gilbert Roland" "Eddie Borden" ,Roland West,https://m.media-amazon.com/images/M/MV5BMTQ5MTA5NjYyOV5BMl5BanBnXkFtZTcwMjI5MjkzNA@@._V1_UX67_CR0,0,67,98_AL_.jpg
Joan of Arc,145,Biography Drama War ,6.4,1948,"Norma Talmadge" "Noah Beery" "Gilbert Roland" "Eddie Borden" ,Roland West,https://m.media-amazon.com/images/M/MV5BYjM1ODJlN2QtMTE4NC00MzNhLTg3ZjYtYWNkMWZjNmJmNjFkXkEyXkFqcGdeQXVyMDI2NDg0NQ@@._V1_UX67_CR0,0,67,98_AL_.jpg
Johnny Belinda,102,Drama ,7.7,1948,"Norma Talmadge" "Noah Beery" "Gilbert Roland" "Eddie Borden" ,Roland West,https://m.media-amazon.com/images/M/MV5BMTRiMzkzYmEtZGJiZC00NmNiLTk2ZGItNWNiOTg0ZjE1NWJjXkEyXkFqcGdeQXVyNjE5MjUyOTM@._V1_UX67_CR0,0,67,98_AL_.jpg
Key Largo,100,Action Crime Drama ,7.7,1948,"Norma Talmadge" "Noah Beery" "Gilbert Roland" "Eddie Borden" ,Roland West,https://m.media-amazon.com/images/M/MV5BNjU0NjU1NjYzN15BMl5BanBnXkFtZTgwMTk0NzE2MjE@._V1_UX67_CR0,0,67,98_AL_.jpg
The Naked City,96,Crime Drama Film-Noir ,7.6,1948,"Norma Talmadge" "Noah Beery" "Gilbert Roland" "Eddie Borden" ,Roland West,https://m.media-amazon.com/images/M/MV5BOTFkODExODktYWFiNS00ZTE1LWJhYzEtYmE2MTBkYzk2YWNhXkEyXkFqcGdeQXVyNjc1NTYyMjg@._V1_UX67_CR0,0,67,98_AL_.jpg
The Paleface,91,Comedy Family Western ,6.7,1948,"Norma Talmadge" "Noah Beery" "Gilbert Roland" "Eddie Borden" ,Roland West,https://m.media-amazon.com/images/M/MV5BOGZhMGEwZjYtNjJlNC00YjY0LTg2YjQtNGU4MmM1OTNjYmMyL2ltYWdlL2ltYWdlXkEyXkFqcGdeQXVyNjQ1MTUzODc@._V1_UX67_CR0,0,67,98_AL_.jpg
Portrait of Jennie,86,Drama Fantasy Mystery ,7.6,1948,"Norma Talmadge" "Noah Beery" "Gilbert Roland" "Eddie Borden" ,Roland West,https://m.media-amazon.com/images/M/MV5BMWI3NGE1ODYtYjA3YS00MGVlLTg4M2EtMjlmZWY4YTNmMTExXkEyXkFqcGdeQXVyMTAwMzUyOTc@._V1_UX67_CR0,0,67,98_AL_.jpg
The Red Shoes,135,Drama Music Romance ,8.1,1948,"Norma Talmadge" "Noah Beery" "Gilbert Roland" "Eddie Borden" ,Roland West,https://m.media-amazon.com/images/M/MV5BOWRmNGEwZjUtZjEwNS00OGZmLThhMmEtZTJlMTU5MGQ3ZWUwXkEyXkFqcGdeQXVyNjc1NTYyMjg@._V1_UX67_CR0,0,67,98_AL_.jpg
The Search,104,Drama War ,7.8,1948,"Norma Talmadge" "Noah Beery" "Gilbert Roland" "Eddie Borden" ,Roland West,https://m.media-amazon.com/images/M/MV5BNTU1YTRkOWItNmE0My00NDAwLWJmMDYtNWE2ZTM2MjkwOGVhL2ltYWdlL2ltYWdlXkEyXkFqcGdeQXVyNjE5MjUyOTM@._V1_UX67_CR0,0,67,98_AL_.jpg
The Snake Pit,108,Drama Mystery ,7.6,1948,"Norma Talmadge" "Noah Beery" "Gilbert Roland" "Eddie Borden" ,Roland West,https://m.media-amazon.com/images/M/MV5BNjc5ODU3YzItN2JmZS00ZmY2LWFmNGItYzBhYzA0NWI2MzIwXkEyXkFqcGdeQXVyNjUwMzI2NzU@._V1_UY98_CR0,0,67,98_AL_.jpg
The Treasure of the Sierra Madre,126,Adventure Drama Western ,8.2,1948,"Norma Talmadge" "Noah Beery" "Gilbert Roland" "Eddie Borden" ,Roland West,https://m.media-amazon.com/images/M/MV5BOTJlZWMxYzEtMjlkMS00ODE0LThlM2ItMDI3NGQ2YjhmMzkxXkEyXkFqcGdeQXVyMDI2NDg0NQ@@._V1_UX67_CR0,0,67,98_AL_.jpg
All the King's Men,110,Drama Film-Noir ,7.4,1949,"Norma Talmadge" "Noah Beery" "Gilbert Roland" "Eddie Borden" ,Roland West,https://m.media-amazon.com/images/M/MV5BZjQyN2MwMjAtNmJmZS00OWZlLWE1NGQtOGZmYmRjZjIyNWEyL2ltYWdlL2ltYWdlXkEyXkFqcGdeQXVyNjc1NTYyMjg@._V1_UX67_CR0,0,67,98_AL_.jpg
Battleground,118,Action Drama History ,7.4,1949,"Norma Talmadge" "Noah Beery" "Gilbert Roland" "Eddie Borden" ,Roland West,https://m.media-amazon.com/images/M/MV5BYTYzOGIyNGQtZDljZi00NGYzLThkOTktNzNhMTM1M2Y1NDlhL2ltYWdlXkEyXkFqcGdeQXVyNDQzMDg4Nzk@._V1_UX67_CR0,0,67,98_AL_.jpg
Champion,99,Drama Film-Noir Sport ,7.4,1949,"Norma Talmadge" "Noah Beery" "Gilbert Roland" "Eddie Borden" ,Roland West,https://m.media-amazon.com/images/M/MV5BMzk0OGNhM2YtYWUxZS00YmFhLTk5ODMtMDdlNTQ4ZWY2OTYzL2ltYWdlXkEyXkFqcGdeQXVyNjc1NTYyMjg@._V1_UY98_CR1,0,67,98_AL_.jpg
The Heiress,115,Drama Romance ,8.1,1949,"Norma Talmadge" "Noah Beery" "Gilbert Roland" "Eddie Borden" ,Roland West,https://m.media-amazon.com/images/M/MV5BMjZjNmVmYTMtM2U1ZS00MzNmLWExODAtMTI5MDhkZDZmYTgwXkEyXkFqcGdeQXVyNjc1NTYyMjg@._V1_UX67_CR0,0,67,98_AL_.jpg
A Letter to Three Wives,103,Comedy Drama Romance ,7.7,1949,"Norma Talmadge" "Noah Beery" "Gilbert Roland" "Eddie Borden" ,Roland West,https://m.media-amazon.com/images/M/MV5BMzg0ZWQ1Y2EtYzBkMi00MTk0LWFhMTEtZGUwZTIzNGYyOWI0XkEyXkFqcGdeQXVyMDI2NDg0NQ@@._V1_UX67_CR0,0,67,98_AL_.jpg
Little Women,122,Drama Family Romance ,7.2,1949,"Norma Talmadge" "Noah Beery" "Gilbert Roland" "Eddie Borden" ,Roland West,https://m.media-amazon.com/images/M/MV5BMzg3YjBkYTMtNzUyNy00Y2MwLWJhZTktNDRmMmRhOTMyMjhhL2ltYWdlL2ltYWdlXkEyXkFqcGdeQXVyMjUxODE0MDY@._V1_UX67_CR0,0,67,98_AL_.jpg
Mighty Joe Young,94,Adventure Drama Fantasy ,7.0,1949,"Norma Talmadge" "Noah Beery" "Gilbert Roland" "Eddie Borden" ,Roland West,https://m.media-amazon.com/images/M/MV5BYTkwYTM1Y2QtMWUwNC00YTg5LWI5M2QtMGM0MDM1YjczNDY5XkEyXkFqcGdeQXVyMTMxMTY0OTQ@._V1_UX67_CR0,0,67,98_AL_.jpg
Neptune's Daughter,95,Comedy Musical Romance ,6.4,1949,"Norma Talmadge" "Noah Beery" "Gilbert Roland" "Eddie Borden" ,Roland West,https://m.media-amazon.com/images/M/MV5BNTkwY2VjOWItNGE4Yy00NTJjLTkyMzMtMzY0N2ZmZTJkMTRlXkEyXkFqcGdeQXVyNjE5MjUyOTM@._V1_UX67_CR0,0,67,98_AL_.jpg
On the Town,98,Comedy Musical Romance ,7.3,1949,"Norma Talmadge" "Noah Beery" "Gilbert Roland" "Eddie Borden" ,Roland West,https://m.media-amazon.com/images/M/MV5BMTdmM2I3YjctYjg1MC00YjViLTkxNzMtMjQ5NTZhYmI2ZTA4XkEyXkFqcGdeQXVyMTY5Nzc4MDY@._V1_UX67_CR0,0,67,98_AL_.jpg
Samson and Delilah,134,Drama Family History ,6.8,1949,"Norma Talmadge" "Noah Beery" "Gilbert Roland" "Eddie Borden" ,Roland West,https://m.media-amazon.com/images/M/MV5BNmE1NTg5OWQtYzcwNi00ZDFkLWJmZjgtNDM3ZjZiODAxYmE2XkEyXkFqcGdeQXVyNjc1NTYyMjg@._V1_UX67_CR0,0,67,98_AL_.jpg
She Wore a Yellow Ribbon,104,Western ,7.2,1949,"Norma Talmadge" "Noah Beery" "Gilbert Roland" "Eddie Borden" ,Roland West,https://m.media-amazon.com/images/M/MV5BYTkyMTM3ZTMtMDc1Mi00ZjRmLTk3NWYtMzFlOGY3Mjg4Mzk2XkEyXkFqcGdeQXVyMDI2NDg0NQ@@._V1_UX67_CR0,0,67,98_AL_.jpg
The Stratton Story,106,Biography Drama Romance ,7.1,1949,"Norma Talmadge" "Noah Beery" "Gilbert Roland" "Eddie Borden" ,Roland West,https://m.media-amazon.com/images/M/MV5BMTc5MTQwOTc3Nl5BMl5BanBnXkFtZTgwNTg1NDgyMTE@._V1_UX67_CR0,0,67,98_AL_.jpg
The Third Man,93,Film-Noir Mystery Thriller ,8.1,1949,"Norma Talmadge" "Noah Beery" "Gilbert Roland" "Eddie Borden" ,Roland West,https://m.media-amazon.com/images/M/MV5BYjE2OTdhMWUtOGJlMy00ZDViLWIzZjgtYjZkZGZmMDZjYmEyXkEyXkFqcGdeQXVyNzkwMjQ5NzM@._V1_UX67_CR0,0,67,98_AL_.jpg
Twelve O'Clock High,132,Drama War ,7.7,1949,"Norma Talmadge" "Noah Beery" "Gilbert Roland" "Eddie Borden" ,Roland West,https://m.media-amazon.com/images/M/MV5BNmI0YTA4OWYtYTc2MC00ZTgxLTliMjItMTlhNzczODViZmYxXkEyXkFqcGdeQXVyNjc1NTYyMjg@._V1_UX67_CR0,0,67,98_AL_.jpg
Captain Carey, U.S.A.,82,Crime Drama Thriller ,6.1,1949,"Norma Talmadge" "Noah Beery" "Gilbert Roland" "Eddie Borden" ,Roland West,https://m.media-amazon.com/images/M/MV5BOTc3MTQwODkwMV5BMl5BanBnXkFtZTYwODYwMjg5._V1_UY98_CR32,0,67,98_AL_.jpg
All About Eve,138,Drama ,8.2,1950,"Norma Talmadge" "Noah Beery" "Gilbert Roland" "Eddie Borden" ,Roland West,https://m.media-amazon.com/images/M/MV5BMTY2MTAzODI5NV5BMl5BanBnXkFtZTgwMjM4NzQ0MjE@._V1_UX67_CR0,0,67,98_AL_.jpg
Annie Get Your Gun,107,Comedy Musical Romance ,6.9,1950,"Norma Talmadge" "Noah Beery" "Gilbert Roland" "Eddie Borden" ,Roland West,https://m.media-amazon.com/images/M/MV5BZWJlZGE1ZDAtZmRiNi00YjkzLTg0ZmItY2NkN2NiYTYzZDlhXkEyXkFqcGdeQXVyMDI2NDg0NQ@@._V1_UX67_CR0,0,67,98_AL_.jpg
Born Yesterday,103,Comedy Drama Romance ,7.5,1950,"Norma Talmadge" "Noah Beery" "Gilbert Roland" "Eddie Borden" ,Roland West,https://m.media-amazon.com/images/M/MV5BODBhOTdkMGYtMzRkYS00ZGU2LThlMjItMzRiNjAxMzNjMWRjXkEyXkFqcGdeQXVyMDI2NDg0NQ@@._V1_UX67_CR0,0,67,98_AL_.jpg
Cyrano de Bergerac,113,Adventure Drama Romance ,7.4,1950,"Norma Talmadge" "Noah Beery" "Gilbert Roland" "Eddie Borden" ,Roland West,https://m.media-amazon.com/images/M/MV5BMmRkMTVlNTEtOWQxNC00OGY4LWIzMzQtMjY2MTZjNDU2N2ViXkEyXkFqcGdeQXVyNjMwMjk0MTQ@._V1_UY98_CR1,0,67,98_AL_.jpg
Destination Moon,92,Adventure Drama Sci-Fi ,6.3,1950,"Norma Talmadge" "Noah Beery" "Gilbert Roland" "Eddie Borden" ,Roland West,https://m.media-amazon.com/images/M/MV5BMDkxNDczYWUtMTgyNS00MTkxLThmZjMtZmJmMDQwZGQwMDc3XkEyXkFqcGdeQXVyNjUwMzI2NzU@._V1_UY98_CR0,0,67,98_AL_.jpg
Harvey,104,Comedy Drama Fantasy ,7.9,1950,"Norma Talmadge" "Noah Beery" "Gilbert Roland" "Eddie Borden" ,Roland West,https://m.media-amazon.com/images/M/MV5BMzg2YTFkNjgtM2ZkNS00MWVkLWIwMTEtZTgzMDM2MmUxNDE2XkEyXkFqcGdeQXVyMjI4MjA5MzA@._V1_UX67_CR0,0,67,98_AL_.jpg
King Solomon's Mines,103,Action Adventure Romance ,6.8,1950,"Norma Talmadge" "Noah Beery" "Gilbert Roland" "Eddie Borden" ,Roland West,https://m.media-amazon.com/images/M/MV5BYjZlOWFjNzktMDQ3OC00ODQxLWEzZjMtN2E0Y2MwM2FkMzE0XkEyXkFqcGdeQXVyNTEwNDcxNDc@._V1_UX67_CR0,0,67,98_AL_.jpg
Panic in the Streets,96,Crime Drama Film-Noir ,7.2,1950,"Norma Talmadge" "Noah Beery" "Gilbert Roland" "Eddie Borden" ,Roland West,https://m.media-amazon.com/images/M/MV5BMzU3OTE5NTYtZjBkMS00ZDVhLWI1NmUtZGMwMTcxNGZiNDhlL2ltYWdlL2ltYWdlXkEyXkFqcGdeQXVyNjc1NTYyMjg@._V1_UX67_CR0,0,67,98_AL_.jpg
Seven Days to Noon,94,Drama Thriller ,7.0,1950,"Norma Talmadge" "Noah Beery" "Gilbert Roland" "Eddie Borden" ,Roland West,https://m.media-amazon.com/images/M/MV5BY2Q5ZWRkYmYtNmIxZi00NjkzLWFmOTgtMDJlNDk2M2U5NGIwXkEyXkFqcGdeQXVyMzg1ODEwNQ@@._V1_UX67_CR0,0,67,98_AL_.jpg
Sunset Blvd.,110,Drama Film-Noir ,8.4,1950,"Norma Talmadge" "Noah Beery" "Gilbert Roland" "Eddie Borden" ,Roland West,https://m.media-amazon.com/images/M/MV5BMTU0NTkyNzYwMF5BMl5BanBnXkFtZTgwMDU0NDk5MTI@._V1_UX67_CR0,0,67,98_AL_.jpg
The African Queen,105,Adventure Drama Romance ,7.7,1951,"Norma Talmadge" "Noah Beery" "Gilbert Roland" "Eddie Borden" ,Roland West,https://m.media-amazon.com/images/M/MV5BYzM3YjE2NGMtODY3Zi00NTY0LWE4Y2EtMTE5YzNmM2U1NTg2XkEyXkFqcGdeQXVyMTY5Nzc4MDY@._V1_UX67_CR0,0,67,98_AL_.jpg
An American in Paris,114,Drama Musical Romance ,7.2,1951,"Norma Talmadge" "Noah Beery" "Gilbert Roland" "Eddie Borden" ,Roland West,https://m.media-amazon.com/images/M/MV5BMzFkNGM0YTUtZjY5Ny00NzBkLWE1NTAtYzUxNjUyZmJlODMwL2ltYWdlL2ltYWdlXkEyXkFqcGdeQXVyNjc1NTYyMjg@._V1_UX67_CR0,0,67,98_AL_.jpg
The Great Caruso,109,Biography Drama Music ,6.5,1951,"Norma Talmadge" "Noah Beery" "Gilbert Roland" "Eddie Borden" ,Roland West,https://m.media-amazon.com/images/M/MV5BNTdlNjVlNDEtYWNmOS00ZWYwLTlhM2ItZTQ1M2E1MTNjODliXkEyXkFqcGdeQXVyMDUyOTUyNQ@@._V1_UX67_CR0,0,67,98_AL_.jpg
Here Comes the Groom,113,Comedy Musical Romance ,6.3,1951,"Norma Talmadge" "Noah Beery" "Gilbert Roland" "Eddie Borden" ,Roland West,https://m.media-amazon.com/images/M/MV5BYzgwMGY1YTMtOGZkZi00ZTAxLThkZDEtOGIyMTI4MDVhNTgxXkEyXkFqcGdeQXVyNjc1NTYyMjg@._V1_UX67_CR0,0,67,98_AL_.jpg
A Place in the Sun,122,Drama Romance ,7.7,1951,"Norma Talmadge" "Noah Beery" "Gilbert Roland" "Eddie Borden" ,Roland West,https://m.media-amazon.com/images/M/MV5BMmNjMjE2ZDMtODQzYS00ZDc2LTk0ODgtNjI1NTNhZWI5MmE0XkEyXkFqcGdeQXVyNjUwNzk3NDc@._V1_UX67_CR0,0,67,98_AL_.jpg
A Streetcar Named Desire,122,Drama ,7.9,1951,"Norma Talmadge" "Noah Beery" "Gilbert Roland" "Eddie Borden" ,Roland West,https://m.media-amazon.com/images/M/MV5BNzk2M2Y3MzYtNGMzMi00Y2FjLTkwODQtNmExYWU3ZWY3NzExXkEyXkFqcGdeQXVyNTA4NzY1MzY@._V1_UX67_CR0,0,67,98_AL_.jpg
When Worlds Collide,83,Action Sci-Fi Thriller ,6.6,1951,"Norma Talmadge" "Noah Beery" "Gilbert Roland" "Eddie Borden" ,Roland West,https://m.media-amazon.com/images/M/MV5BNDE2MGEwZDMtNGU3OC00NTA5LWJkMmQtMTg0ODlkM2Y0YTFhL2ltYWdlXkEyXkFqcGdeQXVyNTAyODkwOQ@@._V1_UX67_CR0,0,67,98_AL_.jpg
The Lavender Hill Mob,78,Comedy Crime ,7.5,1951,"Norma Talmadge" "Noah Beery" "Gilbert Roland" "Eddie Borden" ,Roland West,https://m.media-amazon.com/images/M/MV5BOGYyNzQzNGUtMTA3MS00NmQ0LWJmOTktOGQ5NzBkOGZkYWM5XkEyXkFqcGdeQXVyNzQzNDEyOQ@@._V1_UX67_CR0,0,67,98_AL_.jpg
The Bad and the Beautiful,118,Drama Romance ,7.8,1952,"Norma Talmadge" "Noah Beery" "Gilbert Roland" "Eddie Borden" ,Roland West,https://m.media-amazon.com/images/M/MV5BODhkYzk3N2YtNjU3My00ZWJkLWE1YzMtNzBiM2E3NDJkODA1XkEyXkFqcGdeQXVyNjc0MzMzNjA@._V1_UX67_CR0,0,67,98_AL_.jpg
The Sound Barrier,109,Adventure Drama Romance ,6.8,1952,"Norma Talmadge" "Noah Beery" "Gilbert Roland" "Eddie Borden" ,Roland West,https://m.media-amazon.com/images/M/MV5BZmFjNWUwMzMtYzllNS00ZWQwLTkwZDgtNmNhNzgyNDA2NGYwXkEyXkFqcGdeQXVyMjI4MjA5MzA@._V1_UY98_CR0,0,67,98_AL_.jpg
Come Back, Little Sheba,99,Drama Romance ,7.5,1952,"Norma Talmadge" "Noah Beery" "Gilbert Roland" "Eddie Borden" ,Roland West,https://m.media-amazon.com/images/M/MV5BMjFlOGMwYTItZWYxNS00ZDJjLWIyNWYtMWQ2ZmViMTM2ZjIwXkEyXkFqcGdeQXVyMjI4MjA5MzA@._V1_UX67_CR0,0,67,98_AL_.jpg
The Greatest Show on Earth,152,Drama Family Romance ,6.6,1952,"Norma Talmadge" "Noah Beery" "Gilbert Roland" "Eddie Borden" ,Roland West,https://m.media-amazon.com/images/M/MV5BMzg5MWIyMjItYWMyYS00YTFjLWFlZGMtZTJkNzgyY2VmY2U2XkEyXkFqcGdeQXVyNzE2NDk3NTY@._V1_UX67_CR0,0,67,98_AL_.jpg
High Noon,85,Drama Thriller Western ,8.0,1952,"Norma Talmadge" "Noah Beery" "Gilbert Roland" "Eddie Borden" ,Roland West,https://m.media-amazon.com/images/M/MV5BOWIzZGUxZmItOThkMS00Y2QxLTg0MTYtMDdhMjRlNTNlYTI3L2ltYWdlXkEyXkFqcGdeQXVyNjc1NTYyMjg@._V1_UX67_CR0,0,67,98_AL_.jpg
Limelight,137,Drama Music Romance ,8.0,1952,"Norma Talmadge" "Noah Beery" "Gilbert Roland" "Eddie Borden" ,Roland West,https://m.media-amazon.com/images/M/MV5BZGRjNTU5MTQtYTBmZi00NGU3LTgzNjktMzE3OWYyMTY5YTY3XkEyXkFqcGdeQXVyMzExODEzNDA@._V1_UY98_CR1,0,67,98_AL_.jpg
Moulin Rouge,119,Biography Drama Music ,7.0,1952,"Norma Talmadge" "Noah Beery" "Gilbert Roland" "Eddie Borden" ,Roland West,https://m.media-amazon.com/images/M/MV5BMjYwNjllODAtZTFmYi00YmJjLWJmM2UtNjk1MjQ4MzBhYjViL2ltYWdlXkEyXkFqcGdeQXVyMDI2NDg0NQ@@._V1_UX67_CR0,0,67,98_AL_.jpg
Plymouth Adventure,105,Adventure Drama History ,6.2,1952,"Norma Talmadge" "Noah Beery" "Gilbert Roland" "Eddie Borden" ,Roland West,https://m.media-amazon.com/images/M/MV5BOTRjMzcyZWEtMDZlMy00MmJmLTkxZWUtZjgwZDAyY2Y3OWE2XkEyXkFqcGdeQXVyMjUxODE0MDY@._V1_UY98_CR8,0,67,98_AL_.jpg
The Quiet Man,129,Comedy Drama Romance ,7.7,1952,"Norma Talmadge" "Noah Beery" "Gilbert Roland" "Eddie Borden" ,Roland West,https://m.media-amazon.com/images/M/MV5BMWM1ZDhlM2MtNDNmMi00MDk4LTg5MjgtODE4ODk1MjYxOTIwXkEyXkFqcGdeQXVyNjc0MzMzNjA@._V1_UX67_CR0,0,67,98_AL_.jpg
Viva Zapata!,113,Biography Drama History ,7.3,1952,"Norma Talmadge" "Noah Beery" "Gilbert Roland" "Eddie Borden" ,Roland West,https://m.media-amazon.com/images/M/MV5BZjU5ZDIwNDQtYWVhOC00ZmFmLWIyYmItMTQ1ZjljYzNhYmRlXkEyXkFqcGdeQXVyNjUwNzk3NDc@._V1_UX67_CR0,0,67,98_AL_.jpg
